,DY,2022,2021,2020,2019,2018,2017,2016,2015,2014,2013,2012,2011
AALR3,,,,"0,79","0,47",,,,,,,,
ABCB4,"8,43","9,48","7,90","1,01","5,20","6,39","6,32","7,80","13,72","4,88","4,78","2,34","4,81"
ABEV3,"5,46","5,25","4,41","2,64","2,63","3,58","2,54","3,90","4,01","4,67",,,
ADHM3,,,,,,,,,,,,,
AERI3,,"1,83",,,,,,,,,,,
AESB3,,"1,11","2,09",,,,,,,,,,
AFLT3,"2,95","2,55","7,10","7,33","0,95","3,25","13,97","14,17",,"7,77","4,08",,
AGRO3,"12,49","17,54","9,10","2,84","4,89","4,88","1,93","5,29","12,67",,"1,07",,
AGXY3,"0,82","1,70",,,,,,,,,,,
AHEB3,,,,,,,,,,,,,
AHEB5,,,,,,,,,,,,,
AHEB6,,,,,,,,,,,,,
ALLD3,"5,49","15,49","4,48",,,,,,,,,,
ALPA3,,,"1,28","0,13",,"2,62","1,82","3,08","9,24","3,77","2,01","1,48","2,30"
ALPA4,,,"1,18","0,13",,"2,77","1,95","3,00","22,34","3,83","1,94","1,58","2,50"
ALPK3,,,,,,,,,,,,,
ALSC3,,,,,"0,96","0,61",,"0,76","12,34","1,94","1,89","0,74","0,63"
ALSO3,"2,31","2,26","1,05",,"0,91",,,,,,,,
ALUP11,"5,85","4,36","3,49","2,55","1,63","3,93","2,78","4,91","9,13","12,24",,,
ALUP3,"5,83","4,48","3,46","2,57","1,32","3,20","2,14","3,45",,,,,
ALUP4,"5,86","4,29","3,48","2,58","1,78","4,40","3,19","6,36",,,,,
AMAR3,,,,,,,,,"1,35","0,75","0,62","1,17","3,97"
AMBP3,"0,62","1,45","0,22",,,,,,,,,,
AMER3,,"6,43",,,,,,,,,,,"0,62"
ANDG3B,,,,,,,,,,,,,
ANDG4B,,,,,,,,,,,,,
ANIM3,,,,,"0,02","1,49","0,22","1,38","3,43","0,31",,,
APER3,"1,06","0,26",,"0,16",,,,,,,,,
APTI3,,,,,,,,,,,,,
APTI4,,,,,,,,,,,,,
ARML3,"1,94","3,46","0,26",,,,,,,,,,
ARZZ3,"2,32","2,35","1,21","0,78","2,51","2,33","3,76","3,33","4,21","2,26","1,41","0,47","0,48"
ASAI3,"0,70","0,83","2,81",,,,,,,,,,
ATMP3,,,,,,,,,,,,,
ATOM3,"14,24","2,78","10,00",,,,,,,,,,
AURA33,"4,45","4,87","14,57",,,,,,,,,,
AURE3,"10,90","0,68",,,,,,,,,,,
AVLL3,,,,,,,,,,,,,
AZEV3,,,,,,,,,"8,04",,,,
AZEV4,,,,,,,,,"8,94","2,82",,,
AZUL4,,,,,,,,,,,,,
B3SA3,"3,05","3,66","15,28","3,47","2,70","2,62","1,99","3,05",,,,,
BAHI3,,,,,,,,,,,,,
BALM3,"2,16","23,50","2,18","5,70",,"0,27",,,,,,,
BALM4,"2,10","27,26","3,16","7,52",,"0,21","0,43","5,63","6,14","39,42","1,29","0,29","0,77"
BAUH4,"1,68",,,"0,89","0,62","2,38","3,34","2,95","6,08","1,74",,,
BAZA3,"7,09","13,75","6,29","8,49","4,27","2,68","2,53","0,11","15,19","8,10","6,78","8,40","5,00"
BBAS3,"9,66","12,01","7,86","3,81","4,84","3,26","2,96","2,65","11,42","6,97","9,68","6,33","7,93"
BBDC3,"7,13","2,86","5,76","2,66","5,48","3,08","3,05","1,12","6,29","3,44","2,45","2,72","3,85"
BBDC4,"7,00","2,80","5,34","2,61","5,68","2,97","3,18","1,24","7,36","3,70","2,97","2,89","3,48"
BBML3,,,,,,,,,,,,,
BBSE3,"11,21","5,83","4,80","9,40","4,20","11,23","5,77","5,91","6,91","3,73",,,
BDLL3,,,,,,,,,,,"12,98",,
BDLL4,,,,,,,,,"31,56","10,75","13,90","8,70","22,34"
BEEF11,,,,,,,,,,,,,
BEEF3,"6,31","4,33","10,18","2,95",,,"2,48",,,,,"2,81","1,20"
BEES3,"7,26","10,63","7,05","3,90","4,79","5,81","2,39","1,17","4,59","0,71",,,"0,33"
BEES4,"6,29","9,02","5,94","3,53","4,46","4,04",,,,,,,
BFRE11,,,,,,,,,,,,,
BFRE12,,,,,,,,,,,,,
BGIP3,"8,71","3,78","3,16","1,64",,"4,25","10,04","1,78",,,,"6,66",
BGIP4,"10,66","6,39","5,10","2,89","2,03","4,87","11,81","2,49","4,81",,"3,40","7,22","7,05"
BIDI11,,,"0,27","0,17","0,23",,,,,,,,
BIDI3,,,"0,27","0,17","0,25",,,,,,,,
BIDI4,,,"0,27","0,17","1,84",,,,,,,,
BIOM3,,,,,,,,,,,"0,09","0,09",
BLAU3,"3,72","3,23","0,68",,,,,,,,,,
BLUT3,,,,,,,,,,,,,
BLUT4,,,,,,,,,,,,,
BMEB3,"6,70","5,21","9,83","3,78","0,41",,,"11,57","4,71","4,95","4,78","3,75","5,76"
BMEB4,"7,78","5,72","11,97","4,22","5,12","18,85","6,62","15,79","24,44","7,36","7,74","5,66","8,01"
BMGB4,"15,92","16,61","10,11","2,87","2,55",,,,,,,,
BMIN3,"5,06",,,"7,00",,"0,23",,"0,35",,,"0,55",,"0,41"
BMIN4,"8,28","6,41","11,34","7,04","7,04","9,90","0,13","2,45","10,54","6,29","4,92","2,21","3,13"
BMKS3,"18,34","5,66","3,33","2,41","3,05","6,31","10,00","7,90","13,94","8,66","10,98","27,12","111,43"
BMOB3,"1,86","1,41",,,,,,,,,,,
BNBR3,"3,96","5,89","6,54","3,54","3,88","4,55","6,00","3,29","20,42","7,45","6,67","0,42","3,12"
BOAS3,"3,20","3,68","1,45","0,43",,,,,,,,,
BOBR3,,,,,,,,,,,,,
BOBR4,,,,,,,,,,,,,
BPAC11,"2,41","2,74","4,10","1,29","1,85","2,86",,,,,,,
BPAC3,"1,76","1,69","2,24","0,88","1,17","5,46","6,80",,,,,,
BPAC5,"2,99","3,91","5,51","1,75","2,04","6,11","8,88",,,,,,
BPAN4,"3,04","4,59","2,10","3,90","0,72","3,13",,"0,26","0,12",,,,
BPAR3,"1,70","5,69",,,,,,,,,,,
BPAT33,,,,,,,,,,,,,
BPHA3,,,,,,,,,,,,"0,05",
BRAP3,"12,29","11,63","47,03","3,18","3,58","5,99","1,74","0,80","21,16","13,21","2,91","5,51","4,41"
BRAP4,"12,58","11,01","45,09","3,14","3,64","6,09","1,65","0,75","20,71","12,00","2,59","5,64","5,37"
BRBI11,"5,49","11,51",,,,,,,,,,,
BRBI3,,,,,,,,,,,,,
BRBI4,,,,,,,,,,,,,
BRFS3,,,,,,,,"1,58","2,16","1,49","2,20","0,27","1,99"
BRGE11,"2,42","4,91","4,83","3,50","2,10",,"6,83",,,"2,06",,,
BRGE12,,,"0,01",,"0,02","0,05","0,14","0,15","1,18",,"0,70",,
BRGE3,,,"0,01",,"0,01","0,04","0,21",,,,,,
BRGE5,"2,11",,,"2,41","0,64","10,96",,"9,43",,,,,
BRGE6,"5,10","6,30","8,17","3,81","5,97",,,,"3.386,32",,,,
BRGE7,"3,32",,,,,"12,23",,,,,,,
BRGE8,"2,19","3,40","3,17","3,68","2,54",,,,,,,,
BRIN3,"0,83",,,,,,,,"0,13","12,84","9,45","4,92","20,53"
BRIT3,"0,88","0,04",,,,,,,,,,,
BRIV3,"1,46","0,58","0,26",,,,"2,42","3,32","1,35","1,31","1,19",,
BRIV4,"2,85","6,57","8,22","7,54","5,13","7,81","7,90","12,36","6,55","5,42","3,60",,
BRKM3,,"6,71","13,28",,"2,66","4,14","2,89","8,38","3,81","5,61",,"6,30","7,07"
BRKM5,,"7,14","13,08",,"2,81","3,98","2,93","7,34","2,19","3,46",,"4,73","6,51"
BRKM6,,,"1,78",,"2,53",,,"1,35","3,79",,,,
BRML3,,"0,65",,,"4,93","0,73","0,52",,"4,12","2,86","2,79","0,56","0,91"
BRPR3,,"1,62","2,69","0,87",,"1,99","0,44",,"29,14","63,90","5,52","1,52","0,59"
BRQB3,,,,,,,,,,,,,
BRSR3,"6,92","8,23","8,04","4,17","5,41","6,29","1,03","5,35","10,01","5,21","3,10","4,86","5,27"
BRSR5,"4,96","5,08","7,13","3,41","5,16","5,89","1,23","5,42",,"4,98",,"4,08",
BRSR6,"7,10","9,09","9,88","4,51","5,75","6,07","1,82","5,60","15,37","4,56","3,19","4,01","3,85"
BSEV3,,,,,,,,,,,"0,09",,
BSLI3,"1,25","5,81","1,75","2,56","0,50",,,,,,,,
BSLI4,"1,54","8,00","2,99",,,,,,,,,,
BTTL4,,,,,,,,,,,,,
CALI3,"3,17","52,30",,,,,,,,,,,
CALI4,,,,,,"3,92",,,,,,,
CAMB3,"2,52","2,96",,,,,,,,,,,
CAMB4,"3,18",,,,,,,,,,,"2,12",
CAML3,"2,57","4,41","2,17","5,27","1,99","2,28",,,,,,,
CASH3,,,"1,14",,,,,,,,,,
CASN3,"0,23",,,,,,,,,,,"0,05",
CASN4,"0,29",,,,,,,,,,,,
CATA3,"38,09",,,,,,,,,,,,
CATA4,,,,,,,,,,,,,
CBAV3,"9,39","3,32",,,,,,,,,,,
CBEE3,,"2,65","0,30","2,00","1,23",,,,"1,33","3,78","4,63","0,53","0,70"
CCRO3,"2,68","3,51","1,43","3,58","4,02","5,30","3,94","4,44","4,74","5,15","4,15","3,07","14,88"
CCXC3,,,,,,,,,,,,,
CEAB3,,,,,,,,,,,,,
CEBR3,"10,97","34,76","594,84","1,33","0,09",,,,,,"15,41",,
CEBR5,"11,03","31,62","600,49","2,53","6,02","11,06",,,,,"18,38",,
CEBR6,"11,16","38,54","676,39","1,26","0,10",,,,,,"22,07",,
CEDO3,,,,,,,,,,"2,38",,"4,36","19,87"
CEDO4,,,,,,,,,,"2,06","6,22","5,79","17,70"
CEEB3,"4,83","16,26","19,55","1,12","10,38","1,78","3,18","7,51","3,99","2,45","3,82",,"4,17"
CEEB5,"3,68","20,57",,"1,13","10,66",,,"7,24",,"2,49",,,"4,35"
CEEB6,"3,64",,,,,,,,,,,,
CEED3,,,,,,,,,,,,,
CEED4,,,,,,,,,,,,,
CEGR3,"1,16",,"4,36","0,16","3,55","2,68",,,"3,27","8,63","5,00",,
CEPE3,"0,43",,,"1,29",,,,,,,,,
CEPE5,"1,35",,"11,55","4,81","4,75","3,74","8,50","3,62","5,37","7,29","1,12","3,79","6,63"
CEPE6,"1,39",,"10,90","4,73","7,78",,,,"7,71",,,,"7,61"
CESP3,,,"9,86","8,19","2,73","0,18","4,35","3,86","47,59","14,19","7,12","9,31","2,58"
CESP5,,,,"10,32","5,70","9,12",,"18,91","27,61","12,65","8,23","9,83","5,42"
CESP6,,,"10,09","7,86","2,78","0,17","3,66","3,57","36,23","11,86","6,32","7,92","2,13"
CGAS3,"9,48","10,77","8,18","4,82","10,39","7,04","17,49","26,51","13,50","3,25","1,77","3,01","8,65"
CGAS5,"10,11","11,89","8,88","5,34","11,47","8,16","17,63","25,75","13,88","3,52","1,74","3,07","9,23"
CGRA3,"4,89","11,96","3,46","4,92","4,36","4,85","4,75","6,91","15,13","4,05","3,18","3,30","7,02"
CGRA4,"4,59","12,66","3,61","4,92","4,41","4,65","4,51","7,10","17,22","4,16","2,99","3,30","7,08"
CIEL3,"7,83","4,80","7,70","1,62","6,14","15,95","3,75","2,00","2,29","4,57","3,58","4,14","3,43"
CLSA3,,,,,,,,,,,,,
CLSC3,"6,44","9,09","7,10","4,07","2,00",,,,,,,,
CLSC4,"6,81","9,18","6,96","4,63","2,05",,,,,,,,
CMIG3,"5,94","9,49","6,35","3,75","4,65","1,16","3,80","8,21","9,47","23,94","13,96","26,33","10,99"
CMIG4,"9,28","13,75","8,97","4,29","5,26","4,65","3,55","8,39","9,95","25,14","14,15","25,52","9,02"
CMIN3,"21,27","22,58","6,95",,,,,,,,,,
CMSA3,,,,,,,,,,,,,
CMSA4,,,,,,,,,,,,,
CNSY3,,,,,,,,,,,,,
COCE3,"1,69",,"6,14","2,93","3,60","2,87","4,09",,"1,60","2,01","6,16","7,89","13,46"
COCE5,"1,99","4,31","6,23","3,54","3,00","2,27","3,64","1,85","1,49","2,50","6,54","7,88","12,40"
COCE6,"4,42",,,,,,,,,,,,
COGN3,,,,,"1,05","4,42","2,31","2,62","1,69","11,64","1,47",,
CORR3,"2.762,62",,,,,,,,,,,,
CORR4,"91,30",,,,,,"4,24",,"5,31",,,,
CPFE3,"8,46","9,77","13,80","5,53","1,35","0,95","1,13","0,82",,"5,56","4,46","6,79","6,87"
CPLE11,"4,32","11,30","11,21",,,,,,,,,,
CPLE3,"4,15","11,72","19,45","4,03","3,74","3,55","12,57","5,96","5,27","8,64","7,24","2,70","4,46"
CPLE5,"1,73","3,83","3,82",,,,,,,,,,"7,83"
CPLE6,"4,33","11,20","20,33","4,14","4,12","3,81","11,87","4,59","3,82","6,59","5,81","2,36","4,16"
CPRE3,,,,,,"0,04",,,,,,,
CREM3,,,,,,,,,,,,,
CRFB3,"3,41","2,34","5,95","1,28","1,21","1,94",,,,,,,
CRIV3,,"0,48",,"0,64","0,34","1,05",,,,,"3,71",,
CRIV4,"4,11","8,96","7,96","7,54","4,43","6,66","7,50","9,72","9,15","8,69","7,07",,
CRPG3,"19,25",,"7,60","0,41","2,72","14,17","1,53",,,,,,
CRPG5,"23,42","16,40","8,35","0,40","3,05","13,57","2,68",,,,,,
CRPG6,"29,16","17,11","8,06","0,40","3,06","14,28","1,99",,,,,,
CSAB3,"1,80","2,88",,"5,64",,"5,75","13,53","10,04","7,48",,"5,55","8,27",
CSAB4,"1,39","2,43","4,79","6,83","4,58",,"15,14","10,12","10,53","11,49","6,12","9,29",
CSAN3,"2,46","2,50","6,48","1,98","1,44","3,31","4,49","5,64","3,91","3,85","1,87","1,49","1,82"
CSED3,"1,63","3,41",,,,,,,,,,,
CSMG3,"8,23","2,45","7,43","50,99","2,54","6,54","4,83","1,84","0,57","4,49","3,44","2,79","4,95"
CSNA3,"24,07","17,74","7,69","0,03","6,73",,,,"5,07","8,85","6,34","6,94","8,50"
CSRN3,"6,98","18,92","13,71","0,94","6,23","3,90","5,53","7,40","6,36","4,66",,"9,81","7,67"
CSRN5,"6,66","23,08","15,72","1,01",,"4,60",,"8,30","8,41","5,26",,"10,52",
CSRN6,"6,82",,"13,95","1,05",,,,"8,36",,"4,56",,"9,81",
CSUD3,"6,05","6,35","3,72","2,02","2,09","5,09","3,68","6,33","5,70","2,88",,"4,01","7,25"
CTCA3,,,,,,,,,,,,,
CTKA3,,,,,,,,,,,,,"4,20"
CTKA4,,,,,,,,,,,,,"4,73"
CTNM3,,,,,,,,,,,,,"0,16"
CTNM4,,,,,,,,,,,,,"0,16"
CTSA3,,,,"1,20","0,62","46,34","0,82",,"0,49","10,14","3,15","3,55","4,02"
CTSA4,,,,"1,49","0,63","33,37","0,97",,"0,64","10,66","4,01","3,64","4,38"
CTSA8,,,,,,,,,,,,,
CURY3,"1,71","4,07","8,08",,,,,,,,,,
CVCB3,,,,,"1,01","0,82","0,94","3,83","5,53","1,45",,,
CXSE3,"7,84","7,77","2,93",,,,,,,,,,
CYRE3,"2,39","4,32","6,89","6,16","6,13","7,24","0,71","2,72","5,53","3,83","3,50","1,61","2,27"
DASA3,"0,84","0,71","1,74",,"0,98","2,08","0,51","0,57","0,62","0,91","0,45","0,24","0,62"
DESK3,"0,14","0,18",,,,,,,,,,,
DEXP3,"2,44","5,59","8,08","1,39",,,,,,,,,
DEXP4,"2,88","6,52","9,94","6,12",,,,,,,,,
DIRR3,"3,55","7,48","5,43","6,19","5,87","8,16",,"5,94","12,71","7,51","3,03","1,91","3,18"
DMMO11,,,,,,,,,,,,,
DMMO3,,,,,,,,,,,,,
DMVF3,,,,,,,,,,,,,
DOHL3,,,"0,98","2,07",,,,,,,,,
DOHL4,,"3,06","3,39","8,59",,"5,64","6,83",,"2,12","4,40","4,36","5,83","6,09"
DOTZ3,,,,,,,,,,,,,
DTCY3,,,,,,,,,,,,,
DTCY4,,,,,,,,,,,,,
DXCO3,"4,45","5,00","11,46","1,64","2,23","6,70","1,05",,"6,50","3,74","2,22","1,92","3,20"
EALT3,"2,59","12,69","2,95","0,43","0,91","21,21",,,"5,20","10,28",,,
EALT4,"2,71","18,75","5,25","1,18","2,13","22,07","2,70","3,81","10,20","13,40","1,88",,
ECOR3,"0,10","0,17",,,,"7,70","3,43","3,20","8,33","12,42","5,27","2,04","1,84"
ECPR3,,,,,"2,80",,,,,,,"52,71",
ECPR4,,,,,"2,79",,,,,,,"59,82",
EEEL3,,,,"3,56","3,61","6,87","16,82",,,,,,
EEEL4,,,,"5,24","3,38","7,14",,,,,,,
EGIE3,"8,59","7,89","4,66","3,92","3,19","12,77","7,65","5,63",,,,,
EKTR3,"10,63","22,30","9,45","1,42","4,16",,,,,,,,
EKTR4,"11,01","22,50","12,32","1,34","4,40",,"8,16","9,46","15,20","10,93","6,91","8,93","10,65"
ELEK3,,,,"0,34","2,00","9,43",,,,,"8,55","0,17","1,36"
ELEK4,,,,"0,17","2,06","9,39",,,,,"7,84","0,13","1,58"
ELET3,"0,65","1,84","7,18","4,43","2,14",,,,,"20,88","13,76","39,68","4,90"
ELET5,"2,39",,"4,86","5,00","4,41",,,,,,,,
ELET6,"3,97","3,73","7,99","4,83","3,63",,"7,47",,"0,97","60,58","33,29","31,79","6,38"
ELMD3,,,,,,,,,,,,,
ELPL3,,,,,,,"0,77","0,95",,,,,"15,44"
EMAE3,"7,12",,,,,,,,,,,,
EMAE4,"3,07","1,30","10,64","1,92","1,77","8,26","4,91","1,19",,"4,26",,,"1,28"
EMBR3,,,,,,"0,61","1,56","0,63","0,60","1,38","1,33","1,45","2,13"
ENAT3,"0,93","12,65","1,46","9,64","11,92",,,,,,,,
ENBR3,"5,90","10,55","4,78","0,99","2,04","8,20","0,86","8,59","1,36","11,11","7,40","4,03","1,91"
ENEV3,,,,,,,,,,,,,
ENGI11,"3,31","2,62","8,90","1,15","2,02","2,10","2,07","2,16","6,75","5,02","0,93",,
ENGI3,"2,03","1,65","5,78","0,71","1,59","1,93","1,16","2,06","6,30","5,52","4,01","2,30","3,96"
ENGI4,"3,93","3,11","10,30","1,41","2,13","2,13","2,55","2,17","6,54","6,16","5,61","2,22","3,74"
ENJU3,,,,,,,,,,,,,
ENMA3B,"5,53",,,,"10,21",,,,,,,,
ENMA6B,"3,32",,,,,,,,,,,,
ENMT3,"5,18","4,34","6,77",,"3,54","9,93",,"0,01","2,59",,,,
ENMT4,"5,09","4,32","6,11","1,72","3,46","10,70",,,"2,59",,,,
EPAR3,,"20,71",,,,,,,,,,,
EQPA3,"7,99","7,64","7,99","8,48","3,55",,,,,,,,
EQPA5,"5,99","5,68","5,92","4,75","2,17",,,,,,,,
EQPA6,"4,80",,,,,,,,,,,,
EQPA7,"7,19","6,31","6,12","5,21","1,72",,,,,,,,
EQTL3,"1,14","2,37","3,18","1,38","4,17","1,62","0,88","1,71","3,45","1,41","1,47","2,46","14,21"
ESPA3,,,"1,71",,,,,,,,,,
ESTR3,,,,,,,,,,,,,
ESTR4,,,,,,,,,,,,,
ETER3,"4,39","9,38","1,15",,,,,,"14,59","20,68","9,12","9,85","10,15"
EUCA3,"4,57",,"5,29",,"0,06",,"0,70",,,,,,
EUCA4,"6,40",,"7,86",,"0,55","1,55","1,35","0,29","1,52",,"3,01","2,88","4,02"
EVEN3,"2,40","3,28","12,61","1,20",,,,"4,78","12,82","10,60","3,21","2,45","4,16"
EZTC3,"1,34","5,80","2,07","0,69","0,27","2,06","17,38","6,32","8,69","4,31","1,87","2,07","2,50"
FBMC3,,,,,,,,,,,,,
FBMC4,,,,,,,,,,"11,91","6,27","8,59","3,73"
FESA3,"6,03","8,25","1,34","2,69","3,68","4,38","5,98","6,25","9,27",,"0,88",,
FESA4,"8,62","10,18","1,72","4,86","6,74","5,73","6,11","10,27","13,00","3,19","1,40","1,88","4,21"
FHER3,,,,,,,,,,,,,
FIBR3,,,,,,,,,,,,,
FIEI3,,,,,,,,,"74,07",,,"1,55","12,80"
FIGE3,"0,33",,,,,,,,,"0,14",,,
FIGE4,,,,,,,,,,"0,16",,,
FIQE3,"3,29","2,16","1,26",,,,,,,,,,
FLEX3,,,,,,,,,,,,,
FLRY3,"3,24","6,50","5,32","2,73","3,32","4,86","2,16","6,87","0,39","7,86","1,33","1,00","0,94"
FNCN3,"3,75",,,,,,,,,,,,
FRAS3,"2,85","3,66","2,15","1,73","5,24","5,03","5,53","2,49","3,49","2,67",,"1,70","5,87"
FRIO3,,,,,,,,,,,,,"12,41"
FRTA3,,,,,,,,,,,,,
FTRT3B,,,,,,,,,,,,,
G2DI33,,,,,,,,,,,,,
GBIO33,,,,,,,,,,,,,
GEPA3,"11,72","5,38","9,19","6,22","5,43","10,32","10,17","11,25",,,"5,76","7,86",
GEPA4,"12,44","4,97","8,88","5,96","5,37","8,79","9,80","10,29","5,21","8,42","5,76","5,77","6,80"
GETT11,,"8,79",,,,,,,,,,,
GETT3,,"8,39",,,,,,,,,,,
GETT4,,"9,02",,,,,,,,,,,
GFSA3,,,,,,,,"2,59",,"3,65","8,81",,"5,56"
GGBR3,"14,03","14,81","13,66","1,58","1,64","3,10","0,48","0,63","6,32","3,64","1,79","1,95","2,69"
GGBR4,"12,96","12,36","11,26","1,31","1,40","2,56","0,40","0,46","4,73","3,05","1,25","1,67","2,28"
GGPS3,"1,46",,"1,18",,,,,,,,,,
GMAT3,,,,,,,,,,,,,
GNDI3,,"2,41","0,47","0,21","0,22",,,,,,,,
GOAU3,"9,96","10,36","21,83","1,83","1,73","2,71","0,39",,"7,28","3,48","0,79","2,27","3,46"
GOAU4,"9,94","9,64","20,39","1,60","1,62","2,88","0,35",,"6,63","2,65","0,64","1,79","2,96"
GOLL4,,,,,,,,,,,,,"1,51"
GPAR3,,"33,67",,,,,,,,,,,
GPIV33,,,,,,,,,,,,,
GRAO3,,,,,,,,,,,,,
GRND3,"20,89","5,07","10,01","2,00","2,61","10,84","4,40","5,93","4,10","5,14","5,42","5,55","7,93"
GSHP3,,,,,"109,63",,,,,,,,
GUAR3,"0,33","2,15","4,77","2,72","4,24","3,54","1,16","2,29","3,01","2,45","2,82","0,95","1,31"
GUAR4,,,,,,"3,96","1,37","2,68","3,14","3,16","3,42","1,17","1,64"
HAGA3,,,,,,,,,,,,,
HAGA4,,,,,,,,,,,,,
HAPV3,,,"0,60","2,13","0,43",,,,,,,,
HBOR3,"3,26","8,86","1,01",,,,,"36,68","25,12","10,63","8,78","8,68","3,85"
HBRE3,,,,,,,,,,,,,
HBSA3,,,,,,,,,,,,,
HBTS5,"6,01","4,85","0,32","0,20","0,65","0,53","6,63","9,07","47,49","15,50","8,54","21,17","13,77"
HETA3,,,,,,,,,,,,,
HETA4,,,,,,,,,,,,,
HGTX3,,,"0,28","2,56","3,11","2,33","6,28","6,74","5,76","4,38","4,24","3,61","1,73"
HOOT3,,,,,,,,,,,,,
HOOT4,,,,,,,,,,,,,
HYPE3,"3,20","2,73","4,36","3,43","3,00","6,25","1,81","1,91",,,"0,92",,"1,42"
IDVL3,,,,,,,,,,,,,
IDVL4,,,,,,,,,,,,"1,51","7,84"
IFCM3,,,,,,,,,,,,,
IGBR3,,,,,,,,,,,,,
IGSN3,,,,,,,,,,,,,
IGTA3,,,,"1,13","0,80","1,63","1,73","1,27","1,07","1,39","1,80","1,40","1,99"
IGTI11,"1,80","1,84",,,,,,,,,,,
IGTI3,"1,92","1,84","4,17","0,52","0,53","0,87",,,,,,,
IGTI4,"1,79","1,79",,,,,,,,,,,
INEP3,,,,,,,,,,,,,"4,74"
INEP4,,,,,,,,,,,,,"5,80"
INNT3,,,,,,,,,,,,,
INTB3,"1,83","1,85","0,59",,,,,,,,,,
IRBR3,,,,"0,38","6,52","2,63",,,,,,,
ITEC3,,,,,,,,,,,"0,05","2,99",
ITSA3,"6,28","6,90","4,24","5,23","8,48","7,15","3,62","6,26","7,58","1,83","1,71","2,86","2,91"
ITSA4,"6,37","7,22","4,41","5,50","8,45","7,87","3,52","6,07","7,75","1,89","2,44","4,27","3,30"
ITUB3,"5,37","4,65","4,76","4,67","8,76","7,38","0,86","2,78","5,36","1,62","2,93","3,23","3,48"
ITUB4,"4,59","4,07","4,34","4,12","7,56","6,25","0,76","2,47","5,01","1,51","2,75","3,01","2,77"
JALL3,"5,19","2,33","2,81",,,,,,,,,,
JBSS3,"10,82","9,10","7,95","2,28","0,01","0,40","0,34","3,56","1,36","0,69","0,68",,
JFEN3,,,,,,,,,,"3,04","2,05","2,26","1,49"
JHSF3,"8,91","4,16","7,06","1,87","2,80",,,,,"2,46","4,36","2,17","4,28"
JOPA3,"3,91","3,68","2,97","0,82","2,40",,"3,30",,"4,81","4,30","24,75","2,56","1,64"
JOPA4,"2,67","2,43","2,69","0,99","3,10",,"3,62","4,77","3,53","3,16","21,03","2,43","2,12"
JSLG3,"2,81","8,21","3,90",,,,,,,,,,
KEPL3,"9,92","18,28","4,28","1,44","1,18",,,"0,57","8,40","1,95","1,73","1,72",
KLBN11,"6,25","7,56","1,43","0,08","4,67","6,52","2,52","2,76","1,76","5,18",,,
KLBN3,"6,25","7,49","1,30","0,08","4,04","4,72","1,76","1,61","0,97","4,61","2,90","2,37","3,15"
KLBN4,"6,22","7,51","1,46","0,08","4,85","7,32","2,83","3,43","2,17","5,25","2,86","2,50","3,01"
KRSA3,,,,,,,,,,,,,
LAME3,,,"3,64","0,07","1,23","0,50","0,19","0,91","0,90","0,95","0,77","0,60","0,81"
LAME4,,,"3,65","0,06","0,94","0,38","0,14","0,67","0,58","0,72","0,67","0,58","0,73"
LAND3,"6,79","0,71",,,,,,,,,,,
LAVV3,"3,65","10,81","13,10",,,,,,,,,,
LCAM3,,,"1,74","1,26","4,04","2,43","1,51","10,78","6,88","3,88","2,57","1,14",
LEVE3,"9,14","14,60","4,79","0,44","7,88","7,14","2,39","3,01","6,88","9,45","4,78","7,08","10,24"
LHER3,,,,,,,,,,,,,
LHER4,,,,,,,,,,,,,
LIGT3,,"5,48","3,75",,"0,81","0,88",,"0,28","7,80","10,51","4,42","9,62","9,47"
LINX3,,,"1,51","0,30","0,44","0,71","1,05","1,63","1,87","1,26","0,71",,
LIPR3,"3,24","2,60","2,74",,"0,37","12,79","1,40","0,87",,"0,55","2,23","3,90","1,97"
LJQQ3,,,"1,26","0,41",,,,,,,,,
LOGG3,"4,72","5,38","1,29","0,62","0,43",,,,,,,,
LOGN3,,,,,,,,,,,,,
LPSB3,"0,80","4,15",,,,,,,"0,39","7,63","2,15","3,38","3,57"
LREN3,"4,65","3,26","1,91","0,74","1,03","1,06","1,14","1,97","8,24","1,84","3,20","2,63","4,00"
LTEL3B,"1,41",,,,,,,,,,,,
LUPA3,,,,,,,,,,,,,
LUXM3,,,,,,,,,,,,"1,81","1,43"
LUXM4,,"0,85","1,96","7,30","7,20","2,20",,,,"5,45","3,10","2,32","2,59"
LVTC3,"0,30","2,95",,,,,,,,,,,
LWSA3,"0,75",,,"0,16",,,,,,,,,
MAGG3,,,,,,,,,,,,,
MAPT3,,,,,,,,,,,,,
MAPT4,,,,,,,,,,,,,
MATD3,"0,64","1,25",,,,,,,,,,,
MBLY3,,,,,,,,,,,,,
MDIA3,"0,53","5,43","0,78","1,34","0,66","0,96","1,08","1,35","1,83","1,33","1,03","1,29","3,23"
MDNE3,,,,,,,,,,,,,
MEAL3,,,,,"7,66","0,08","3,45",,,,,,
MEGA3,,,,,,,,,,,,,
MELK3,"8,01","6,37","7,26",,,,,,,,,,
MERC3,,,,"0,51",,,,,,,,,
MERC4,"6,21","6,21","4,89","4,35","3,55","14,50","8,10",,,,"9,29","7,60","11,05"
MGEL3,,,,,,,,,,,,,
MGEL4,,,,,,,,,,,,,"6,69"
MGLU3,,,"0,21","0,48","1,01","0,47","1,76",,"1,06","2,24",,"0,24",
MILS3,"1,70","2,29","2,93",,,,,,,"2,55","1,97","0,53","1,22"
MLAS3,,"3,05",,,,,,,,,,,
MMAQ3,,,,,,,,,,,,,
MMAQ4,"503,40",,,,,,,,,,,,
MMXM3,,,,,,,,,,,"1,29","0,09",
MNDL3,,,,,,,,,,,,,"10,42"
MNPR3,,,,,,,,,,,,,
MOAR3,"1,29","2,65","11,16","2,65","7,20","10,10","6,01","4,69",,"5,07","14,14","5,26","6,83"
MODL11,,,"1,97",,,,,,,,,,
MODL3,"1,42","4,44","1,72",,,,,,,,,,
MODL4,,,"2,14",,,,,,,,,,
MOSI3,,,"0,01",,,,,,,,,,
MOVI3,"3,44","18,96","3,30","0,65","1,24","4,30",,,,,,,
MPLU3,,,,,,"8,36","9,48","9,40","4,79","5,85","5,17","5,12","1,70"
MRFG3,"12,46","25,83","12,93",,,,,,,,,,"0,16"
MRSA3B,"2,18",,"0,74","0,94","1,74",,,,,,,,
MRSA5B,"2,40","2,33","0,70",,,,,,,,,,
MRSA6B,"2,44","2,23","0,75",,,,,,,,,,
MRVE3,"1,71","5,21","5,33","1,95","5,16","8,33","4,25","3,23","8,93","4,01","3,11","3,15","1,68"
MSPA3,"0,12",,,,"0,80","10,73","12,02",,,,,,
MSPA4,"0,15",,,,,"11,75","14,81",,,,,,
MSRO3,,,,,,,,,,,,,
MTIG3,,,,,,,,,,,,"0,13",
MTIG4,,,,,"0,60",,,,,,,"0,67",
MTRE3,"18,13","9,02","6,75",,,,,,,,,,
MTSA3,"3,05",,,,,,,,"2,50",,,,
MTSA4,"5,02","5,70","5,32","2,37","3,41","4,39","6,81","5,43","6,55","7,60","5,73","4,98","3,26"
MULT3,"3,41","3,27","2,67","1,93","1,42","3,32","1,70","0,85","3,42","1,74","2,10","2,55","1,51"
MWET3,,,,,,,,,,,,,
MWET4,,,,,,,,,,,,,
MYPK3,"3,44","7,07","6,55","4,28","0,79","3,21","0,33","1,89","2,46","2,46","2,19","4,34","2,73"
NAFG3,,,,,,,"0,55",,,,,,
NAFG4,,,,,,"0,83",,,,"4,89","0,40","0,59","2,41"
NEMO3,,,,,,,,,,,,,
NEMO5,,,,,,,,,,,,,
NEMO6,,,,,,,,,,,,,
NEOE3,"6,38","5,17","3,24","2,32","2,32",,,,,,,,
NEXP3,,,,,,,,,,"45,41","5,27","4,71","3,24"
NGRD3,"1,19","1,00","0,47",,,,,,,,,,
NINJ3,,,,,,,,,,,,,
NORD3,,,,,,,,,,,,,
NRTQ3,,,,,,,,,,,,,
NTCO3,,"1,13",,,"1,01",,,,,,,,
NUTR3,,,,,,,,,,,,,
ODER4,"1,71",,,,,,"2,78",,,,,,
ODPV3,"3,02","3,47","3,74","3,48","2,14","2,04","3,30","2,80","4,54","4,00","3,49","5,88","2,18"
OFSA3,"2,81","2,78","1,86","1,15","0,45","0,73","0,46","0,80","0,98",,,,
OGXP3,,,,,,,,,,,,,
OIBR3,,,,,,,,,,,"22,59","16,69",
OIBR4,,,,,,,,,,,"22,72","18,38",
OMGE3,,,,,,"0,52",,,,,,,
ONCO3,,,,,,,,,,,,,
OPCT3,,,,,,,,,,,,,
ORVR3,,,,,,,,,,,,,
OSXB3,,,,,,,,,,,,,
PARD3,"1,26","3,03","1,48","1,30","1,69","1,74","4,31",,,,,,
PATI3,"1,93","8,32","3,37","0,62","3,63","1,33","1,45",,"1,62","1,71",,"2,19",
PATI4,"6,02",,"4,02","7,47","5,57","4,41",,,"9,53","7,25","5,70","5,92","7,13"
PCAR3,,"2,15","10,02","0,78","0,91",,,,,,,,
PCAR4,,,,,"1,01","2,13","0,40","0,03","3,24","1,02","0,98","0,92","1,06"
PDGR3,,,,,,,,,,,,"4,48","2,87"
PDTC3,,,,,,,,,,,,,
PEAB3,"1,42","3,43","19,67","56,35","8,27","8,43","7,56","3,89","18,93",,"9,54",,"6,35"
PEAB4,"0,71","2,65","17,50","64,23","8,73",,"8,52","3,97","19,74",,"10,50","8,01","6,98"
PETR3,"25,02","59,84","18,41","0,83","1,57","0,98",,,,"5,44","1,70","2,68","3,87"
PETR4,"27,61","68,48","19,87","0,00","3,12","3,97",,,,"9,96","4,57","2,69","4,14"
PETZ3,"0,40","0,63","0,26","0,17",,,,,,,,,
PFRM3,"4,74","4,72","4,59",,,,,,,"2,97","1,10","0,96","1,22"
PGMN3,"4,89",,,,,,,,,,,,
PINE3,"3,91",,,,,,,,,,,,
PINE4,"4,31",,,,,,,"10,64","16,28","13,54","2,64","4,73","7,45"
PLAS3,,,,,,,,,,,,"3,88",
PLPL3,"1,57","4,05","6,03",,,,,,,,,,
PMAM3,,,,,"0,30",,,,,,,,
PNVL3,"1,82","2,19","1,31","0,62","0,86","1,05","1,14","0,07","0,41","0,57","1,01","0,39","1,40"
PNVL4,,,,"0,73","1,26","1,63","1,45","0,22","0,88","0,82","1,30","0,72","1,77"
POMO3,"6,10","5,92","4,28","3,42","1,35","3,40","0,57","6,09","4,85","4,46",,"2,70","5,78"
POMO4,"4,76","5,02","3,51","3,24","1,33","2,72","0,46","4,78","4,46","4,54",,"2,48","5,25"
PORT3,"3,74","26,26","5,29","6,54",,,,,,,,,
POSI3,"6,35","3,62","3,13","0,63",,,"1,65",,"8,03","2,12","6,11",,"4,48"
POWE3,,,"0,50",,,,,,,,,,
PPAR3,"85,96",,,,,,,,,,,,
PPLA11,,,,,,,,,,,,,
PRIO3,,,,,,,,,,,,,
PRNR3,"2,24","4,44","0,77",,,,,,,,,,
PSSA3,"2,60","5,00","12,49","4,37","3,38","7,74","4,14","4,94","6,06","4,05","3,73","4,17","4,93"
PTBL3,"3,42","4,04","11,70","0,58","2,88","6,35","1,40","4,79","25,52","3,95","1,97","1,01",
PTCA11,,,,,,,,,,,,,
PTCA3,,,,,,,,,,,,,
PTNT3,"2,66","3,50","1,34",,,"2,14",,,,"3,12",,,
PTNT4,"3,62","5,10","3,23",,"3,57","4,76","7,14","6,98","6,57","7,57","8,92",,
QGEP3,"1,03",,,,,"16,43","1,40","2,81","2,57","2,15",,,"0,00"
QUAL3,"2,36","4,35","12,26","0,84","3,52","5,61","4,41","8,80","3,00",,,,
QUSW3,,,,,,,,,,,,,
QVQP3B,,,,,,,,,,,,,
RADL3,"0,99","1,07","0,91","1,64","0,57","1,11","0,67","0,97","1,53","0,89","0,47","0,52","0,34"
RAIL3,"0,30","0,10",,,,,,,,,,,
RAIZ4,"6,25","4,56","0,25",,,,,,,,,,
RANI3,"8,31","7,94","5,13","1,28","0,57",,"1,24",,"3,56","4,20","4,61","47,98","9,59"
RANI4,,,,"1,25","0,53",,"1,28",,,"4,19","4,68",,
RAPT3,"5,20","10,76","5,21","2,07","1,70",,,,,,,,
RAPT4,"4,07","10,48","6,01","1,50","1,42",,,,,,,,
RCSL3,,,,,,,,,,,,,
RCSL4,,,,,,,,,,,,,
RDNI3,"2,71","0,83","0,10","0,08",,,,"4,35","8,57","5,35","8,30","2,72","3,15"
RDOR3,"0,69","1,37","3,26",,,,,,,,,,
RECV3,"4,89","2,35",,,,,,,,,,,
REDE3,"9,30","9,67","14,95","0,83","3,24","0,18","0,62","2,50",,,,,
RENT3,"2,37","2,48","0,84","0,50","0,88","0,91","2,78","2,15","3,33","1,12","4,83","0,96","1,46"
RLOG3,,,,,,,,,"5,76",,,,
RNEW11,,,,,,,,,,,,,
RNEW3,,,,,,,,,,,,,
RNEW4,,,,,,,,,,,,,
ROMI3,"7,85","5,84","4,22","15,53","6,38","8,81","1,04","0,89","1,45","0,16",,,"4,90"
RPAD3,,"0,01",,"0,01",,,"0,02",,"0,58",,,,
RPAD5,"6,65","8,18","7,06","5,60","4,98","8,55","8,28","9,34","9,78","7,48","2,61",,
RPAD6,,"0,01",,"0,01",,,"0,01",,"0,85",,,,
RPMG3,,,,,,,,,,,,,
RRRP3,,,,,,,,,,,,,
RSID3,,,,,,,,,,,,"6,75","3,90"
RSUL3,,,,,,,,,,,,,
RSUL4,"4,62","2,82",,,,,,,,,,,
SANB11,"6,45","7,95","9,46","6,26","4,22","4,13","1,25",,,,,"2,59","5,59"
SANB3,"6,51","8,03","9,50","6,17","3,91","3,78","3,81","2,29","5,57","31,16","1.887,47","1.123,53","4,75"
SANB4,"6,38","7,86","9,31","6,26","4,65","4,50","5,86","4,86","7,49","38,15","2.076,22","1.426,02","5,98"
SAPR11,"8,09","8,35","5,69","3,88","4,24","5,44","2,68",,,,,,
SAPR3,"7,93","8,05","5,32","3,06","4,58","3,69","4,89",,"11,82","5,89",,,
SAPR4,"8,21","8,42","5,75","4,04","4,16","6,36","5,66","5,86","15,52","8,81","5,88","3,47","6,60"
SBFG3,"1,97","0,92",,,,,,,,,,,
SBSP3,"2,20","1,65","0,99","3,10","1,91",,,,,,,,
SCAR3,,"0,79","0,89","0,14","0,78",,"2,64","0,80","3,31","2,58","2,76","2,26",
SEDU3,,,,,,,,,"0,33",,,,
SEER3,,,"3,15","1,31","8,94","2,73","0,88","0,99","0,61","0,99",,,
SEQL3,,,,,,,,,,,,,
SGPS3,,,,,,,,,,,,,
SHOW3,,,,,"0,95","4,24","1,27","0,52",,,,"2,63",
SHUL3,"0,21",,,,,,,,"1,93",,,,
SHUL4,"3,42","4,60","2,22","2,29","2,62","4,46","2,32","3,10","6,56","5,86","1,14","2,12","1,89"
SIMH3,"1,65","9,67","3,83","0,69","0,58",,,,,,,,
SLCE3,"7,37","5,91","2,36","3,59","3,82","5,10","8,31","4,14","1,70","2,75","0,76","3,20","1,03"
SLED3,,,,,,"20,00","3,60",,,"7,39","4,41",,
SLED4,,,,,,"20,00","4,25",,"17,98","13,75","3,40","3,54","4,20"
SMFT3,,,,,,,,,,,,,
SMLS3,,,"17,98","5,41","9,42","8,88",,,,,,,
SMTO3,"4,30","4,27","6,77","1,98","2,77","2,82","1,45","2,52","1,31","0,99","0,93","1,15","1,60"
SNSY3,,,,,,,,,,,,,
SNSY5,,,,,,,,,,,,,
SNSY6,,,,,,,,,,,,,
SOJA3,"0,59","1,05",,,,,,,,,,,
SOMA3,"1,32","0,89",,,,,,,,,,,
SOND3,"12,04",,,,,,,,,,,,
SOND5,"12,19","21,30","23,65","1,85",,,,,"10,34","45,66","156,17","4,19","4,49"
SOND6,"13,54",,,"2,30","15,91","7,97",,,"10,39","48,86","159,64",,"4,99"
SPRI3,,,,,,,,,,,"20,08","22,20",
SPRI5,,,,,,,,,,"36,21","18,70","22,20","91,44"
SPRI6,,,,,,,,,,,"21,68","28,73",
SPRT3B,,,,,,,,,,,,,
SQIA3,"0,20","0,44","0,12",,"0,23","0,74","0,35","1,55","6,77","1,79",,,
STBP3,"9,14","8,44","4,04","0,33","0,05","0,07",,,,,,,
STKF3,,,,,,,,,,,,,
STTR3,,,,,,,,,,,,,
SULA11,"0,27","0,27","1,39","4,16","1,07","2,02","3,23","2,96","2,71","3,02","4,48","3,62","9,36"
SULA3,"0,27","0,27","1,35","3,47","0,86","1,60","3,37",,,,,,
SULA4,"0,26","0,26","1,41","4,61","1,20","2,45","3,24",,,,,,
SUZB3,"3,60","6,49",,,"1,12","0,50","2,68",,,,,,
SYNE3,,"12,63","114,83","6,81",,"23,05","64,92","0,94","3,27","3,45","4,18","1,31","1,59"
TAEE11,"9,92","14,00","12,38","9,63","6,06","11,81","8,27","13,04","11,26","15,57","12,11","7,84",
TAEE3,"9,96","13,91","12,39","9,56","6,13","10,97","8,23",,,,,,
TAEE4,"9,92","13,89","12,33","9,57","6,00","12,22","8,66",,,,,,
TASA3,"9,18","12,26",,,,,,,,,"1,02","4,14","8,63"
TASA4,"9,16","12,17",,,,,,,,,"1,19","4,64","9,04"
TCNO3,,,,,,,,,"7,74",,,"4,62",
TCNO4,,,,,,,,,"3,89",,,"5,00",
TCSA3,,,,,,,,"7,47","7,61","12,16",,"3,73","2,55"
TECN3,"2,49","3,82",,,,,,"2,70","8,29","4,75","0,99","1,79",
TEKA3,,,,,,,,,,,,,
TEKA4,,,,,,,,,,,,,
TELB3,,,,,,,,,,,,,
TELB4,,,,,,,,,,,,,
TEND3,,,"1,06","1,63","1,98","1,59",,,,,,,
TESA3,,,,,,,,,,,,,
TFCO4,"1,44","1,72","0,77",,,,,,,,,,
TGMA3,"6,32","5,79","5,03","1,26","4,17","4,16","2,33",,"1,61","1,62","5,06","2,77","3,90"
TIET11,,,"0,16","6,37","5,16","7,78","6,47","15,45",,,,,
TIET3,,,"0,11","6,29","3,85","7,65","6,39","14,46",,,,,
TIET4,,,"0,11","6,33","5,58","7,72","6,39","16,08",,,,,
TIMS3,"5,92","4,66","3,29","3,75","1,97",,,,,,,,
TKNO3,"1,86",,,,,,,,,,,,
TKNO4,"6,30","10,06","5,19","4,24",,,,,,,,,
TOTS3,"1,58","1,12","1,08","1,05","0,65","1,15","1,18","3,84","3,67","2,75","1,97","1,62","6,40"
TOYB3,,,,,,,,,,,,,
TOYB4,,,,,,,,,,,,,
TPIS3,,"2,08","1,95",,,"12,47",,"7,17","4,94",,"3,75","2,68","2,07"
TRAD3,,"0,01",,,,,,,,,,,
TRIS3,"2,58","6,39","4,07","1,75","0,89","4,09","3,18","4,32","4,62","4,10","1,24",,"3,99"
TRPL3,"3,37","3,67","11,73","5,93","5,49","18,24","5,17","2,55","5,28",,,"6,28","10,94"
TRPL4,"4,39","4,62","14,76","6,26","6,69","18,17","4,54","2,32","4,96","3,41","4,87","8,47","10,19"
TRPN3,,,,,"267,89","2,48","3,81","0,71","3,51","19,29","6,02","2,31","18,76"
TTEN3,"0,85","0,16",,,,,,,,,,,
TUPY3,"4,53","1,65","2,17",,"4,45","4,30","3,80","3,43","3,97","1,96","1,18","2,99","4,07"
TXRX3,,,,,,,,,,,,,
TXRX4,,,,,,,,,,,,,
UCAS3,"6,98","7,15","5,08","6,83","1,50",,,,"6,60","6,33","10,33",,
UGPA3,"1,91","4,62","4,40","1,01","3,53","2,74","2,29","2,34","2,50","2,76","2,36","2,20","2,94"
UNIP3,"8,68","15,48","13,61","2,27","0,77","6,57","27,29","3,85","3,82","3,32","1,15","0,41",
UNIP5,"8,25","14,90","15,01","3,08","0,84","7,24","31,43","5,75","8,36","7,80","6,55","0,40",
UNIP6,"8,64","15,86","14,96","2,39","0,85","7,35","31,81","4,63","5,71","4,13","1,43","0,53",
USIM3,"4,21","7,72","8,93","0,25","1,47","0,38",,,"0,74",,,"0,58","0,80"
USIM5,"4,73","8,79","9,40","0,30","1,68","0,52",,,"2,11",,,"0,68","1,48"
USIM6,"2,02","4,67","7,50","0,37","1,69",,,,,,,"0,72","1,49"
VALE3,"5,94","8,53","18,79","2,75","2,65","3,86","3,29","0,65","7,49","8,63","5,06","5,35","7,31"
VAMO3,"2,60","2,07","1,64",,,,,,,,,,
VBBR3,"3,96","5,51","9,51","4,25","8,91","5,71",,,,,,,
VIIA3,,,,,,"0,27","0,34","0,07","11,90",,"16,30",,
VITT3,"2,80","2,81","0,68",,,,,,,,,,
VIVA3,"1,35","0,24","1,29","0,36",,,,,,,,,
VIVR3,,,,,,,,,,,,,
VIVT3,"5,67","7,97","7,19","7,34","6,86","9,07","5,84","5,28","10,27","6,84","11,76","5,88","3,93"
VIVT4,,,,,"6,38","8,91","5,44","4,79","10,74","6,41","11,54","5,76","1,77"
VLID3,"3,48","3,16",,,"4,12","5,41","1,98","3,88","2,42","3,17","3,62","3,92","3,83"
VSPT3,,,,,,,,,,,,,
VSPT4,,,,,,,,,,,,,
VSTE3,"0,75",,,,"2,80","3,49",,,,"3,02","0,97","1,84",
VULC3,"2,98","2,96","3,83",,,,,,,,,,"5,35"
VVAR11,,,,,,,"0,33","0,07","15,83",,,,
VVAR4,,,,,,,"0,32","0,07","16,43",,,,
VVEO3,"1,54","2,69","1,32",,,,,,,,,,
WEGE3,"1,63","1,34","1,86","0,57","0,98","1,98","1,48","2,43","3,03","2,36","2,21","2,00","3,03"
WEST3,,,,,,,,,,,,,
WHRL3,"3,99","3,91","8,75","16,57","5,24","3,15","10,88",,"4,84","17,95","9,01","6,51","5,38"
WHRL4,"4,48","4,12","8,07","16,35","6,62","2,92","11,15",,"5,89","19,99","9,27","6,85","5,13"
WIZC3,"7,20","8,39","7,65","8,32","7,87","7,30","6,04","6,51",,,,,
WLMM3,"3,14","5,66","1,68","1,45","1,46",,,,,,,,
WLMM4,"2,32","3,32","1,58","1,11","1,57",,,,,,,,
YDUQ3,,"1,24","2,28","1,55","1,07","6,98","0,86","8,12","2,36","0,83","1,31","0,49","2,60"
ZAMP3,,,,"0,47","0,50","0,23",,,,,,,
