,intl,NAME,MIN_MES,MAX_MES,MIN_52S,MAX_52S,VAL_12M,VAL_MES,ORIGEM,SEGMENTO
0,AAP,ADVANCE AUTO PARTS INC,"56,91","68,11","56,91","190,67","-64,28","-64,28",NYSE,Consumer Services
1,AAWW,ATLAS AIR WORLDWIDE HOLDINGS NEW,"99,08","102,48","95,44","102,48","6,88","6,88",NASDAQ,Transportation
2,ABG,ASBURY AUTOMOTIVE GROUP INC,"219,33","233,57","141,06","250,93","47,74","47,74",NYSE,Consumer Durables
3,ACI,ALBERTSONS COMPANIES INC.,"22,50","23,70","19,20","28,63","-5,68","-5,68",NYSE,Consumer Services
4,ADM,ARCHER-DANIELS-MIDLAND COMPANY,"77,11","80,73","70,56","97,67","-4,44","-4,44",NYSE,Consumer Non-Durables
5,AGCO,AGCO CORPORATION,"116,24","132,82","94,40","144,24","23,14","23,14",NYSE,Capital Goods
6,AGRO,ADECOAGRO S.A.,"11,35","11,81","7,19","11,81","49,15","49,15",NYSE,Consumer Non-Durables
7,AKO-A,EMBOTELLADORA ANDINA S.A.,"10,91","12,17","8,49","13,38","30,27","30,27",NYSE,
8,AKO-B,EMBOTELLADORA ANDINA S.A.,"12,51","15,18","9,84","17,38","21,69","21,69",NYSE,
9,ALB,ALBEMARLE CORPORATION,"166,13","200,48","166,13","325,38","-38,40","-38,40",NYSE,Basic Industries
10,ALGT,ALLEGIANT TRAVEL COMPANY,"75,22","88,87","63,58","129,37","-0,15","-0,15",NASDAQ,Transportation
11,ALSN,ALLISON TRANSMISSION HOLDINGS INC.,"58,51","61,00","33,61","61,00","76,70","76,70",NYSE,Capital Goods
12,AMKR,AMKOR TECHNOLOGY INC.,"21,90","28,25","16,58","31,03","33,17","33,17",NASDAQ,Technology
13,AMN,AMN HEALTHCARE SERVICES INC,"82,10","88,12","81,75","127,04","-18,46","-18,46",NYSE,Technology
14,AMOV,AMERICA MOVIL S.A.B. DE C.V.,"20,54","21,23","15,86","21,23","21,36","21,36",NYSE,Public Utilities
15,AMPY,AMPLIFY ENERGY CORP.,"6,60","7,50","5,67","10,21","25,93","25,93",NYSE,Energy
16,AMR,ALPHA METALLURGICAL RESOURCE INC,"212,64","246,95","124,48","246,95","96,30","96,30",NYSE,Basic Industries
17,AMRK,A-MARK PRECIOUS METALS INC.,"30,14","37,91","26,44","41,81","12,46","12,46",NASDAQ,Basic Industries
18,AMX,AMERICA MOVIL S.A.B. DE C.V.,"17,12","18,76","16,15","22,96","-1,15","-1,15",NYSE,Public Utilities
19,AN,AUTONATION INC.,"150,14","160,71","95,60","181,12","41,16","41,16",NYSE,Consumer Durables
20,APA,APACHE CORPORATION,"40,07","45,37","31,63","49,50","25,18","25,18",NASDAQ,Energy
21,APOG,APOGEE ENTERPRISES INC.,"47,05","51,34","36,91","51,34","23,88","23,88",NASDAQ,Capital Goods
22,ARCH,ARCH RESOURCES INC.,"137,57","161,04","103,35","165,34","38,96","38,96",NYSE,Energy
23,ARCT,ARCTURUS THERAPEUTICS HOLDINGS INC.,"26,58","31,98","13,98","37,31","87,71","87,71",NASDAQ,Health Care
24,ARKR,ARK RESTAURANTS CORP.,"15,27","16,57","15,27","20,76","-12,83","-12,83",NASDAQ,Consumer Services
25,ARW,ARROW ELECTRONICS INC.,"125,46","134,00","91,63","146,12","37,73","37,73",NYSE,Technology
26,ASC,ARDMORE SHIPPING CORPORATION,"12,28","12,89","9,08","18,93","34,41","34,41",NYSE,Transportation
27,ASIX,ADVANSIX INC.,"30,11","33,89","30,11","43,86","-1,91","-1,91",NYSE,Basic Industries
28,ASO,ACADEMY SPORTS AND OUTDOORS INC.,"46,01","53,91","41,67","68,26","1,52","1,52",NASDAQ,Consumer Services
29,ASRT,ASSERTIO HOLDINGS INC.,"2,53","3,31","2,11","7,66","16,14","16,14",NASDAQ,Health Care
30,ASX,ASE TECHNOLOGY HOLDING CO. LTD.,"7,41","8,26","4,61","8,95","42,86","42,86",NYSE,Technology
31,ATCO,ATLAS CORP.,"15,35","15,49","13,88","15,49","10,64","10,64",NYSE,Transportation
32,ATKR,ATKORE INTERNATIONAL GROUP INC.,"143,00","158,55","71,64","163,13","103,74","103,74",NYSE,Miscellaneous
33,AVT,AVNET INC.,"47,52","51,06","35,92","51,06","34,44","34,44",NASDAQ,Technology
34,BAK,BRASKEM SA,"8,35","9,64","6,29","14,09","-17,73","-17,73",NYSE,Basic Industries
35,BBW,BUILD-A-BEAR WORKSHOP INC.,"25,59","28,91","13,22","28,91","114,49","114,49",NYSE,Consumer Services
36,BC,BRUNSWICK CORPORATION,"75,08","81,25","65,45","92,40","18,18","18,18",NYSE,Energy
37,BCC,BOISE CASCADE L.L.C.,"99,64","111,07","56,53","111,21","79,59","79,59",NYSE,Consumer Services
38,BELFA,BEL FUSE INC.,"44,61","51,19","27,95","66,99","58,12","58,12",NASDAQ,Capital Goods
39,BELFB,BEL FUSE INC.,"45,19","52,04","24,50","62,03","83,89","83,89",NASDAQ,Capital Goods
40,BEST,BEST INC.,"2,37","2,90","0,50","3,01","245,27","245,27",NYSE,Transportation
41,BG,BUNGE LIMITED BUNGE LIMITED,"110,42","115,28","82,21","115,72","34,31","34,31",NYSE,Consumer Non-Durables
42,BGFV,BIG 5 SPORTING GOODS CORPORATION,"6,86","7,65","6,86","13,56","-36,32","-36,32",NASDAQ,Consumer Services
43,BGSF,BG STAFFING INC,"9,46","9,85","9,00","15,95","-14,98","-14,98",NYSE,Technology
44,BH,BIGLARI HOLDINGS INC.,"165,11","186,76","115,60","212,62","38,57","38,57",NYSE,Consumer Services
45,BKE,BUCKLE INC.,"32,17","36,90","30,71","49,74","2,32","2,32",NYSE,Consumer Services
46,BLDR,BUILDERS FIRSTSOURCE INC.,"121,17","148,59","54,29","152,19","127,26","127,26",NASDAQ,Consumer Services
47,BNTX,BIONTECH SE,"102,82","121,98","98,49","186,05","-21,09","-21,09",NASDAQ,Health Care
48,BRID,BRIDGFORD FOODS CORPORATION,"10,61","11,67","10,61","14,92","-23,71","-23,71",NASDAQ,Consumer Non-Durables
49,BRY,BERRY CORPORATION,"8,03","8,76","6,30","9,78","16,57","16,57",NASDAQ,Energy
50,BSET,BASSETT FURNITURE INDUSTRIES INCORPORATED,"13,76","15,47","13,30","19,82","-13,81","-13,81",NASDAQ,Consumer Durables
51,BTU,PEABODY ENERGY CORPORATION,"21,70","24,12","18,16","31,96","6,74","6,74",NYSE,Energy
52,BXC,BLUELINX HOLDINGS INC.,"80,81","92,17","58,79","96,99","40,19","40,19",NYSE,Capital Goods
53,BYD,BOYD GAMING CORPORATION,"60,26","67,70","46,95","72,79","28,35","28,35",NYSE,Consumer Services
54,CAAS,CHINA AUTOMOTIVE SYSTEMS INC.,"3,64","4,28","3,64","9,61","-9,68","-9,68",NASDAQ,Capital Goods
55,CAL,CALERES INC.,"26,25","29,62","17,26","29,62","13,23","13,23",NYSE,Consumer Non-Durables
56,CALM,CAL-MAINE FOODS INC.,"46,08","49,66","43,70","64,63","-19,94","-19,94",NASDAQ,Consumer Non-Durables
57,CBD,COMPANHIA BRASILEIRA DE DISTRIBUICAO,"0,67","0,96","0,67","4,61","-81,84","-81,84",NYSE,
58,CCOI,COGENT COMMUNICATIONS HOLDINGS INC.,"64,67","71,40","49,18","73,58","20,88","20,88",NASDAQ,Consumer Services
59,CCRN,CROSS COUNTRY HEALTHCARE INC.,"23,24","25,24","21,38","38,10","-9,08","-9,08",NASDAQ,Technology
60,CCS,CENTURY COMMUNITIES INC.,"66,37","76,18","41,54","78,60","58,98","58,98",NYSE,Capital Goods
61,CDEV,CENTENNIAL RESOURCE DEVELOPMENT INC.,"7,62","7,62",,,,,NASDAQ,Energy
62,CEIX,CONSOL ENERGY INC.,"90,03","99,77","51,10","99,77","52,78","52,78",NYSE,Energy
63,CEPU,CENTRAL PUERTO S.A.,"5,87","7,13","4,03","7,45","45,66","45,66",NYSE,Public Utilities
64,CF,CF INDUSTRIES HOLDINGS INC.,"79,18","85,75","60,25","109,68","-10,56","-10,56",NYSE,Basic Industries
65,CHGG,CHEGG INC.,"8,92","10,63","8,66","29,84","-56,17","-56,17",NYSE,Consumer Services
66,CHS,CHICO'S FAS INC.,"4,42","5,05","4,39","7,17","-5,94","-5,94",NYSE,Consumer Services
67,CIVI,CIVITAS RESOURCES INC,"77,93","85,50","53,85","85,50","49,88","49,88",NYSE,Energy
68,CIXX,CI FINANCIAL CORP.,"10,18","11,53","8,89","11,53","18,75","18,75",NYSE,Finance
69,CLFD,CLEARFIELD INC.,"30,04","35,41","30,04","131,62","-67,35","-67,35",NASDAQ,Public Utilities
70,CLR,CONTINENTAL RESOURCES INC.,"73,94","74,27","63,70","74,27","16,59","16,59",NYSE,Energy
71,CLW,CLEARWATER PAPER CORPORATION,"34,73","38,12","29,39","44,48","-4,03","-4,03",NYSE,Basic Industries
72,CMBM,CAMBIUM NETWORKS CORPORATION,"6,98","9,20","6,98","23,49","-56,70","-56,70",NASDAQ,Technology
73,CMC,COMMERCIAL METALS COMPANY,"49,18","57,75","35,48","57,85","38,75","38,75",NYSE,Basic Industries
74,CMCL,CALEDONIA MINING CORPORATION PLC,"9,66","11,12","8,92","17,29","14,01","14,01",NYSE,Basic Industries
75,CMRE,COSTAMARE INC.,"9,25","10,40","7,72","11,52","2,40","2,40",NYSE,Transportation
76,CNHI,CNH INDUSTRIAL N.V.,"12,20","13,98","11,04","17,90","10,51","10,51",NYSE,Capital Goods
77,CNQ,CANADIAN NATURAL RESOURCES LIMITED,"61,61","65,40","45,25","65,40","39,49","39,49",NYSE,Energy
78,CNR,CORNERSTONE BUILDING BRANDS INC.,"24,50","24,66",,,,,NYSE,Capital Goods
79,CNX,CNX RESOURCES CORPORATION,"21,36","22,75","14,57","22,75","44,43","44,43",NYSE,Energy
80,CPAC,CEMENTOS PACASMAYO S.A.A.,"5,07","5,29","4,55","6,00","9,81","9,81",NYSE,Capital Goods
81,CPE,CALLON PETROLEUM COMPANY,"37,02","40,81","29,75","48,23","19,88","19,88",NYSE,Energy
82,CPG,CRESCENT POINT ENERGY CORPORATION,"7,91","8,53","5,80","8,59","41,21","41,21",NYSE,Energy
83,CPHC,CANTERBURY PARK HOLDING CORPORATION,"19,17","21,92","19,17","31,26","-9,44","-9,44",NASDAQ,Consumer Services
84,CPRI,CAPRI HOLDINGS LIMITED,"52,24","52,98","34,41","68,38","35,02","35,02",NYSE,Consumer Non-Durables
85,CRC,CALIFORNIA RESOURCES CORPORATION,"55,40","57,92","35,32","57,92","53,57","53,57",NYSE,Energy
86,CRESY,CRESUD S.A.,"6,70","7,73","4,94","8,45","26,06","26,06",NASDAQ,Finance
87,CROX,CROCS INC.,"86,08","99,66","67,05","151,13","24,84","24,84",NASDAQ,Consumer Non-Durables
88,CRT,CROSS TIMBERS ROYALTY TRUST,"19,71","22,58","13,51","30,10","9,00","9,00",NYSE,Energy
89,CRWS,CROWN CRAFTS INC,"4,89","4,99","4,74","5,96","-17,12","-17,12",NASDAQ,Basic Industries
90,CTRA,CONTURA ENERGY INC.,"26,07","28,50","22,78","31,13","4,00","4,00",NYSE,Energy
91,CTRM,CASTOR MARITIME INC.,"0,38","0,42","0,38","1,03","-40,08","-40,08",NASDAQ,Transportation
92,CTRN,CITI TRENDS INC.,"20,68","22,15","14,62","34,69","26,25","26,25",NASDAQ,Consumer Services
93,CVCO,CAVCO INDUSTRIES INC.,"261,84","283,43","201,58","317,74","32,12","32,12",NASDAQ,Basic Industries
94,CVE,CENOVUS ENERGY INC,"19,73","20,79","14,85","21,61","35,62","35,62",NYSE,Energy
95,CVI,CVR ENERGY INC.,"33,62","37,03","23,25","40,93","20,19","20,19",NYSE,Energy
96,CVLG,COVENANT LOGISTICS GROUP INC.,"43,56","50,26","28,55","57,15","53,91","53,91",NASDAQ,Transportation
97,DAC,DANAOS CORPORATION,"64,01","67,36","51,46","71,14","13,12","13,12",NYSE,Transportation
98,DBI,DESIGNER BRANDS INC.,"10,47","12,67","6,27","16,40","-20,13","-20,13",NYSE,Consumer Services
99,DCO,DUCOMMUN INCORPORATED,"43,11","45,43","39,66","58,12","8,09","8,09",NYSE,Capital Goods
100,DDS,DILLARD'S INC.,"307,52","351,64","262,44","415,36","21,29","21,29",NYSE,Consumer Services
101,DISH,DISH NETWORK CORPORATION,"5,98","6,77","5,98","17,00","-56,19","-56,19",NASDAQ,Consumer Services
102,DKS,DICK'S SPORTING GOODS INC,"107,69","116,49","99,03","149,73","-2,60","-2,60",NYSE,Consumer Services
103,DLNG,DYNAGAS LNG PARTNERS LP,"2,61","2,79","2,15","3,25","-4,00","-4,00",NYSE,Consumer Services
104,DNOW,NOW INC.,"11,30","11,87","8,88","14,66","26,15","26,15",NYSE,Energy
105,DSKEW,DASEKE INC.,"0,01","0,11",,,,,NASDAQ,Consumer Services
106,DSX,DIANA SHIPPING INC.,"3,38","3,62","3,36","4,73","-12,85","-12,85",NYSE,Transportation
107,DVN,DEVON ENERGY CORPORATION,"46,37","53,59","45,12","77,35","-15,58","-15,58",NYSE,Energy
108,DXLG,DESTINATION XL GROUP INC.,"4,24","4,64","3,81","7,43","-22,91","-22,91",NASDAQ,Consumer Services
109,E,ENI S.P.A.,"31,46","32,92","20,63","32,92","56,67","56,67",NYSE,Energy
110,EAF,GRAFTECH INTERNATIONAL LTD.,"3,37","3,94","3,37","6,59","-12,82","-12,82",NYSE,Energy
111,EC,ECOPETROL S.A.,"11,77","12,87","8,66","12,87","43,16","43,16",NYSE,Energy
112,ECC,EAGLE POINT CREDIT COMPANY INC.,"10,02","10,41","10,02","11,70","-10,85","-10,85",NYSE,
113,ECCB,EAGLE POINT CREDIT COMPANY INC.,"24,98","25,15",,,,,NYSE,
114,ECCX,EAGLE POINT CREDIT COMPANY INC.,"23,29","24,24","22,80","24,85","-3,11","-3,11",NYSE,
115,ECCY,EAGLE POINT CREDIT COMPANY INC.,"25,17","25,19",,,,,NYSE,
116,EDRY,EURODRY LTD.,"13,90","14,58","13,00","18,71","4,07","4,07",NASDAQ,Consumer Services
117,EGLE,EAGLE BULK SHIPPING INC.,"39,33","44,02","39,28","65,82","-3,99","-3,99",NASDAQ,Transportation
118,ENVA,ENOVA INTERNATIONAL INC.,"47,50","50,94","29,05","57,27","66,30","66,30",NYSE,Finance
119,EOG,EOG RESOURCES INC.,"122,54","134,53","101,48","148,26","19,11","19,11",NYSE,Energy
120,EPSN,EPSILON ENERGY LTD.,"5,17","5,54","4,76","7,46","-13,82","-13,82",NASDAQ,Energy
121,EQNR,EQUINOR ASA,"31,57","33,12","25,33","38,48","-2,06","-2,06",NYSE,Energy
122,EQT,EQT CORPORATION,"38,37","44,03","28,83","45,34","-1,17","-1,17",NYSE,Energy
123,ERF,ENERPLUS CORPORATION,"16,66","17,78","12,97","19,20","32,77","32,77",NYSE,Energy
124,ERIC,ERICSSON,"5,01","5,26","4,83","6,60","-14,36","-14,36",NASDAQ,Technology
125,ESTE,EARTHSTONE ENERGY INC.,"19,02","21,16","10,89","21,16","80,44","80,44",NYSE,Energy
126,EVOL,EVOLVING SYSTEMS INC.,"0,56","0,99","0,56","1,55","-33,56","-33,56",NASDAQ,Technology
127,EXPR,EXPRESS INC.,"8,40","9,76","0,50","10,20","637,61","637,61",NYSE,Consumer Services
128,FDP,FRESH DEL MONTE PRODUCE INC.,"24,94","26,44","23,24","32,13","7,24","7,24",NYSE,Consumer Non-Durables
129,FF,FUTUREFUEL CORP.,"6,56","7,37","5,87","10,27","21,49","21,49",NYSE,Basic Industries
130,FLMN,FALCON MINERALS CORPORATION,"7,70","7,77",,,,,NASDAQ,Energy
131,FLMNW,FALCON MINERALS CORPORATION,"0,31","0,33",,,,,NASDAQ,Energy
132,FTCH,FARFETCH LIMITED,"1,82","2,90","1,82","10,26","-75,86","-75,86",NYSE,Miscellaneous
133,GEF,GREIF INC.,"66,23","72,38","58,16","75,54","12,73","12,73",NYSE,
134,GEF.B,GREIF INC.,"67,26","75,02","59,62","84,97","12,81","12,81",NYSE,
135,GES,GUESS INC.,"21,52","24,48","14,67","24,69","44,65","44,65",NYSE,Consumer Non-Durables
136,GGB,GERDAU S.A.,"4,88","5,26","4,39","6,55","9,66","9,66",NYSE,Capital Goods
137,GIL,GILDAN ACTIVEWEAR INC.,"27,20","30,18","26,51","33,79","-2,47","-2,47",NYSE,Consumer Non-Durables
138,GLNG,GOLAR LNG LTD,"22,57","23,91","19,73","27,82","-0,85","-0,85",NASDAQ,Consumer Services
139,GM,GENERAL MOTORS COMPANY,"32,52","34,07","31,53","43,17","-4,81","-4,81",NYSE,Capital Goods
140,GMS,GMS INC.,"62,54","70,28","39,09","75,86","61,06","61,06",NYSE,Consumer Services
141,GNE,GENIE ENERGY LTD.,"14,54","15,27","8,77","16,23","61,01","61,01",NYSE,Public Utilities
142,GNK,GENCO SHIPPING & TRADING LIMITED,"13,28","13,80","12,12","19,69","11,47","11,47",NYSE,Transportation
143,GOGL,GOLDEN OCEAN GROUP LIMITED,"7,32","7,71","6,90","10,47","-4,00","-4,00",NASDAQ,Consumer Services
144,GPI,GROUP 1 AUTOMOTIVE INC.,"257,40","275,99","141,60","275,99","73,53","73,53",NYSE,Consumer Durables
145,GPRK,GEOPARK LTD,"9,22","10,20","9,22","16,04","-11,19","-11,19",NYSE,Energy
146,GRBK,GREEN BRICK PARTNERS INC.,"41,51","50,60","19,85","58,42","102,26","102,26",NASDAQ,Capital Goods
147,GRIN,GRINDROD SHIPPING HOLDINGS LTD.,"7,64","9,34","7,11","25,99","-60,97","-60,97",NASDAQ,Transportation
148,GRNQ,GREENPRO CAPITAL CORP.,"1,08","1,24","1,02","2,46","-18,80","-18,80",NASDAQ,Technology
149,GRVY,GRAVITY CO. LTD.,"68,51","74,55","36,85","80,78","40,69","40,69",NASDAQ,Miscellaneous
150,GSL,GLOBAL SHIP LEASE INC NEW,"17,77","19,32","15,52","21,55","13,08","13,08",NYSE,Transportation
151,GSM,FERROGLOBE PLC,"5,15","5,61","3,66","6,29","-2,46","-2,46",NASDAQ,Basic Industries
152,GSMG,GLORY STAR NEW MEDIA GROUP HOLDINGS LIMITED,"0,36","0,54","0,36","1,54","-75,51","-75,51",NASDAQ,Technology
153,GSMGW,GLORY STAR NEW MEDIA GROUP HOLDINGS LIMITED,"0,00","0,01","0,00","0,05","-25,93","-25,93",NASDAQ,Technology
154,GTN,GRAY TELEVISION INC.,"6,85","7,99","6,70","15,58","-54,88","-54,88",NYSE,Consumer Services
155,HAPP,HAPPINESS BIOTECH GROUP LIMITED,"4,44","4,96","2,31","6,22","40,54","40,54",NASDAQ,Consumer Durables
156,HBP,HUTTIG BUILDING PRODUCTS INC.,"10,70","10,70",,,,,NASDAQ,Consumer Services
157,HCC,WARRIOR MET COAL INC.,"41,10","47,79","28,39","47,79","64,74","64,74",NYSE,Energy
158,HDSN,HUDSON TECHNOLOGIES INC.,"11,72","12,77","6,89","12,77","85,34","85,34",NASDAQ,Consumer Durables
159,HGBL,HERITAGE GLOBAL INC.,"2,91","3,33","1,53","4,04","97,44","97,44",NASDAQ,Miscellaneous
160,HI,HILLENBRAND INC,"42,27","48,56","36,65","53,70","15,33","15,33",NYSE,Consumer Durables
161,HIBB,HIBBETT SPORTS INC.,"42,85","46,95","35,28","73,36","-16,50","-16,50",NASDAQ,Consumer Services
162,HIMX,HIMAX TECHNOLOGIES INC.,"5,34","6,15","4,84","8,62","11,64","11,64",NASDAQ,Technology
163,HLG,HAILIANG EDUCATION GROUP INC.,"14,01","14,30",,,,,NASDAQ,Consumer Services
164,HMLP,HOEGH LNG PARTNERS LP,"9,22","9,22",,,,,NYSE,Consumer Services
165,HNRG,HALLADOR ENERGY COMPANY,"10,61","13,46","5,52","13,46","143,84","143,84",NASDAQ,Energy
166,HOG,HARLEY-DAVIDSON INC.,"32,45","34,70","31,11","51,72","-11,11","-11,11",NYSE,Consumer Non-Durables
167,HOME,AT HOME GROUP INC.,"10,32","10,32",,,,,NYSE,Consumer Services
168,HSII,HEIDRICK & STRUGGLES INTERNATIONAL INC.,"24,11","26,77","23,91","34,98","-1,83","-1,83",NASDAQ,Technology
169,HUBG,HUB GROUP INC.,"77,36","82,14","68,98","99,23","15,82","15,82",NASDAQ,Transportation
170,HUSN,HUDSON CAPITAL INC.,"1,52","2,08",,,,,NASDAQ,Consumer Services
171,HVT,HAVERTY FURNITURE COMPANIES INC.,"28,80","31,90","24,90","37,87","14,70","14,70",NYSE,Consumer Services
172,HVT-A,HAVERTY FURNITURE COMPANIES INC.,"30,91","31,70","25,19","37,62","24,31","24,31",NYSE,Consumer Services
173,HZO,MARINEMAX INC.,"31,26","34,02","26,53","40,74","7,01","7,01",NYSE,Consumer Services
174,IBA,INDUSTRIAS BACHOCO S.A.B. DE C.V.,"52,25","62,99","45,78","65,60","14,07","14,07",NYSE,Consumer Non-Durables
175,ICL,ICL GROUP LTD.,"5,58","6,07","5,36","9,14","-32,37","-32,37",NYSE,Basic Industries
176,IGIC,INTERNATIONAL GENERAL INSURANCE HOLDINGS LTD.,"10,60","11,84","7,31","11,84","55,07","55,07",NASDAQ,Finance
177,IGICW,INTERNATIONAL GENERAL INSURANCE HOLDINGS LTD.,"0,88","1,06","0,41","1,06","85,57","85,57",NASDAQ,Finance
178,IIIN,INSTEEL INDUSTRIES INC.,"31,49","35,65","24,51","35,65","20,57","20,57",NASDAQ,Capital Goods
179,IMKTA,INGLES MARKETS INCORPORATED,"73,67","78,00","73,67","101,12","-6,78","-6,78",NASDAQ,Consumer Services
180,IMMR,IMMERSION CORPORATION,"6,62","7,07","4,99","8,94","23,89","23,89",NASDAQ,Technology
181,IMOS,CHIPMOS TECHNOLOGIES INC.,"23,55","24,90","17,86","26,57","25,41","25,41",NASDAQ,Technology
182,INSW,INTERNATIONAL SEAWAYS INC.,"40,31","43,50","33,12","52,88","24,10","24,10",NYSE,Consumer Services
183,INVA,INNOVIVA INC.,"12,43","13,06","10,73","13,87","11,05","11,05",NASDAQ,Health Care
184,IRCP,IRSA PROPIEDADES COMERCIALES S.A.,"2,19","2,50",,,,,NASDAQ,Consumer Services
185,IRS,IRSA INVERSIONES Y REPRESENTACIONES S.A.,"6,12","7,19","3,74","8,27","63,64","63,64",NYSE,Consumer Services
186,ISIG,INSIGNIA SYSTEMS INC.,"7,10","7,73","5,65","9,67","28,19","28,19",NASDAQ,Consumer Services
187,IX,ORIX CORP,"94,42","101,35","68,87","101,35","34,17","34,17",NYSE,Finance
188,JAKK,JAKKS PACIFIC INC.,"17,72","19,77","13,92","24,23","-5,01","-5,01",NASDAQ,Consumer Non-Durables
189,JFIN,JIAYIN GROUP INC.,"4,64","5,46","1,97","8,00","122,97","122,97",NASDAQ,Finance
190,JILL,J. JILL INC.,"25,18","26,95","16,46","29,65","62,03","62,03",NYSE,Consumer Non-Durables
191,KLIC,KULICKE AND SOFFA INDUSTRIES INC.,"46,85","52,02","37,50","59,93","24,24","24,24",NASDAQ,Technology
192,KLXE,KLX ENERGY SERVICES HOLDINGS INC.,"10,85","12,20","5,35","17,42","106,54","106,54",NASDAQ,Energy
193,KODK,EASTMAN KODAK COMPANY,"4,07","4,39","2,87","6,17","-12,97","-12,97",NYSE,Miscellaneous
194,KOSS,KOSS CORPORATION,"3,02","3,72","3,02","6,79","-51,90","-51,90",NASDAQ,Consumer Non-Durables
195,KRA,KRATON CORPORATION,"46,07","46,49",,,,,NYSE,Basic Industries
196,KT,KT CORPORATION,"11,81","12,46","11,14","14,88","-1,44","-1,44",NYSE,Public Utilities
197,KTB,KONTOOR BRANDS INC.,"42,73","46,23","32,40","52,96","20,57","20,57",NYSE,Consumer Non-Durables
198,LAD,LITHIA MOTORS INC.,"290,81","316,33","183,09","325,21","28,76","28,76",NYSE,Consumer Durables
199,LBRT,LIBERTY OILFIELD SERVICES INC.,"16,51","18,32","11,62","18,32","48,88","48,88",NYSE,Energy
200,LEGH,LEGACY HOUSING CORPORATION,"19,70","22,98","16,32","24,99","14,14","14,14",NASDAQ,Basic Industries
201,LFC,CHINA LIFE INSURANCE COMPANY,"7,05","7,05",,,,,NYSE,Finance
202,LGO,LARGO INC,"2,91","3,46","2,91","6,87","-44,78","-44,78",NASDAQ,Basic Industries
203,LINC,LINCOLN EDUCATIONAL SERVICES CORPORATION,"8,39","9,06","4,69","9,06","60,26","60,26",NASDAQ,Consumer Services
204,LLIT,LIANLUO SMART LIMITED,"6,04","11,50",,,,,NASDAQ,Consumer Services
205,LMNL,LIMINAL BIOSCIENCES INC.,"8,41","8,50","3,25","8,50","75,26","75,26",NASDAQ,Health Care
206,LND,BRASILAGRO,"4,90","5,76","4,53","6,44","6,67","6,67",NYSE,Consumer Non-Durables
207,LOMA,LOMA NEGRA COMPANIA INDUSTRIAL ARGENTINA SOCIEDAD ANONIMA,"5,89","6,51","5,89","7,84","0,00","0,00",NYSE,Capital Goods
208,LPG,DORIAN LPG LTD.,"26,99","29,44","13,57","29,92","116,95","116,95",NYSE,Transportation
209,LSXMA,LIBERTY MEDIA CORPORATION,"22,30","24,13","22,30","44,78","-39,42","-39,42",NASDAQ,Consumer Services
210,LSXMB,LIBERTY MEDIA CORPORATION,"22,19","24,53","22,19","47,30","-43,19","-43,19",NASDAQ,Consumer Services
211,LSXMK,LIBERTY MEDIA CORPORATION,"22,60","24,53","22,57","44,70","-38,35","-38,35",NASDAQ,Consumer Services
212,LTHM,LIVENT CORPORATION,"17,36","21,69","17,36","33,62","-42,24","-42,24",NYSE,Basic Industries
213,LX,LEXINFINTECH HOLDINGS LTD.,"2,18","2,65","1,30","3,82","31,21","31,21",NASDAQ,Finance
214,LXU,LSB INDUSTRIES INC.,"9,88","10,80","8,35","17,66","-27,24","-27,24",NYSE,Basic Industries
215,LZB,LA-Z-BOY INCORPORATED,"30,46","32,17","22,17","33,47","36,70","36,70",NYSE,Consumer Durables
216,M,MACY'S INC,"10,74","12,17","10,74","24,46","-29,77","-29,77",NYSE,Consumer Services
217,MAGS,MAGAL SECURITY SYSTEMS LTD.,"3,89","5,78",,,,,NASDAQ,Capital Goods
218,MATX,MATSON INC.,"84,10","88,71","56,82","96,77","40,61","40,61",NYSE,Consumer Services
219,MBT,MOBILE TELESYSTEMS PJSC,"5,50","5,50",,,,,NYSE,Public Utilities
220,MBUU,MALIBU BOATS INC.,"47,28","50,15","46,96","65,17","-6,76","-6,76",NASDAQ,Capital Goods
221,MCFT,MASTERCRAFT BOAT HOLDINGS INC.,"20,74","22,69","18,85","34,70","11,14","11,14",NASDAQ,Capital Goods
222,MDP,MEREDITH CORPORATION,"59,07","59,07",,,,,NYSE,Consumer Services
223,MDU,MDU RESOURCES GROUP INC.,"19,47","20,52","19,47","32,08","-26,79","-26,79",NYSE,Basic Industries
224,MED,MEDIFAST INC,"77,48","83,85","77,48","130,31","-29,16","-29,16",NYSE,Consumer Non-Durables
225,MEOH,METHANEX CORPORATION,"40,66","43,84","30,93","54,70","41,74","41,74",NASDAQ,Basic Industries
226,METC,RAMACO RESOURCES INC.,"7,81","9,41","7,40","12,48","4,09","4,09",NASDAQ,Energy
227,MGY,MAGNOLIA OIL & GAS CORPORATION,"22,25","23,73","18,71","27,50","21,00","21,00",NYSE,Energy
228,MLI,MUELLER INDUSTRIES INC.,"72,30","76,78","58,59","91,67","25,98","25,98",NYSE,Capital Goods
229,MNDO,MIND C.T.I. LTD.,"1,87","1,94","1,87","2,44","-14,93","-14,93",NASDAQ,Technology
230,MOS,MOSAIC COMPANY,"35,79","39,84","31,71","57,14","-25,85","-25,85",NYSE,Basic Industries
231,MOV,MOVADO GROUP INC.,"25,80","27,93","24,33","36,82","-8,67","-8,67",NYSE,Consumer Non-Durables
232,MPC,MARATHON PETROLEUM CORPORATION,"145,84","156,42","92,85","156,42","65,64","65,64",NYSE,Energy
233,MPX,MARINE PRODUCTS CORPORATION,"13,29","14,37","8,11","17,38","62,40","62,40",NYSE,Capital Goods
234,MRO,MARATHON OIL CORPORATION,"25,85","27,32","21,20","33,03","24,31","24,31",NYSE,Energy
235,MT,ARCELORMITTAL,"24,40","27,01","19,85","32,39","20,73","20,73",NYSE,Basic Industries
236,MTBC,MTBC INC.,"2,55","3,13","2,55","4,33","-27,71","-27,71",NASDAQ,Technology
237,MTCN,ARCELORMITTAL,"60,43","66,33","47,45","76,33","27,71","27,71",NYSE,Basic Industries
238,MTDR,MATADOR RESOURCES COMPANY,"57,25","64,53","42,39","73,37","27,75","27,75",NYSE,Energy
239,MTR,MESA ROYALTY TRUST,"13,97","19,50","12,62","29,20","9,53","9,53",NYSE,Energy
240,MU,MICRON TECHNOLOGY INC.,"67,98","71,79","49,12","73,93","35,31","35,31",NASDAQ,Technology
241,MUR,MURPHY OIL CORPORATION,"43,58","46,59","32,87","50,73","37,27","37,27",NYSE,Energy
242,NC,NACCO INDUSTRIES INC.,"31,08","35,71","29,68","59,66","-24,36","-24,36",NYSE,Consumer Durables
243,NETI,ENETI INC,"10,18","11,34","6,67","13,35","43,54","43,54",NYSE,Transportation
244,NEX,NEXTIER OILFIELD SOLUTIONS INC.,"10,52","11,88","7,02","11,91","50,85","50,85",NYSE,Energy
245,NEXA,NEXA RESOURCES S.A.,"6,04","6,80","4,23","7,51","30,12","30,12",NYSE,Basic Industries
246,NFG,NATIONAL FUEL GAS COMPANY,"51,47","54,62","49,63","67,49","-14,92","-14,92",NYSE,Public Utilities
247,NMM,NAVIOS MARITIME PARTNERS LP,"21,06","22,95","19,28","28,76","-7,15","-7,15",NYSE,Transportation
248,NOAH,NOAH HOLDINGS LIMITED,"11,93","14,49","11,93","21,27","-11,65","-11,65",NYSE,Finance
249,NRT,NORTH EUROPEAN OIL ROYALITY TRUST,"10,59","12,32","10,14","18,00","-10,92","-10,92",NYSE,Energy
250,NTP,NAM TAI PROPERTY INC.,"4,21","4,22","4,21","4,22","-0,12","-0,12",NYSE,Finance
251,NTR,NUTRIEN LTD.,"62,04","64,60","52,70","88,19","-26,34","-26,34",NYSE,Basic Industries
252,NUE,NUCOR CORPORATION,"151,60","172,79","105,29","178,37","47,54","47,54",NYSE,Basic Industries
253,NXST,NEXSTAR MEDIA GROUP INC.,"133,69","157,77","133,69","212,75","-18,80","-18,80",NASDAQ,Consumer Services
254,OC,OWENS CORNING INC,"134,94","146,52","76,68","146,52","77,76","77,76",NYSE,Capital Goods
255,OCC,OPTICAL CABLE CORPORATION,"3,29","3,75","3,29","4,75","-4,90","-4,90",NASDAQ,Basic Industries
256,OCG,ORIENTAL CULTURE HOLDING LTD,"0,60","0,75","0,41","1,12","-39,29","-39,29",NASDAQ,Consumer Services
257,OCUP,OCUPHIRE PHARMA INC.,"3,79","4,06","1,99","6,38","95,48","95,48",NASDAQ,Health Care
258,OI,O-I GLASS INC.,"17,27","20,26","12,44","23,44","38,91","38,91",NYSE,Consumer Durables
259,OLN,OLIN CORPORATION,"46,63","52,01","42,21","64,59","10,25","10,25",NYSE,Basic Industries
260,ONEW,ONEWATER MARINE INC.,"24,86","26,63","23,74","38,51","-22,46","-22,46",NASDAQ,Consumer Services
261,OSG,OVERSEAS SHIPHOLDING GROUP INC.,"4,19","4,38","2,75","4,43","44,07","44,07",NYSE,Transportation
262,OSUR,ORASURE TECHNOLOGIES INC.,"5,41","6,42","3,66","7,39","56,83","56,83",NASDAQ,Health Care
263,OTEL,OTELCO INC.,"11,52","11,73",,,,,NASDAQ,Public Utilities
264,OXM,OXFORD INDUSTRIES INC.,"91,70","101,72","86,99","121,75","3,54","3,54",NYSE,Consumer Non-Durables
265,OXY,OCCIDENTAL PETROLEUM CORPORATION,"62,75","67,22","56,07","75,97","7,77","7,77",NYSE,Energy
266,OXY.WS,OCCIDENTAL PETROLEUM CORPORATION,"40,86","45,54","34,26","53,89","12,53","12,53",NYSE,Energy
267,PAG,PENSKE AUTOMOTIVE GROUP INC.,"158,91","168,02","96,07","179,39","60,95","60,95",NYSE,Consumer Durables
268,PAM,PAMPA ENERGIA S.A. PAMPA ENERGIA S.A.,"37,92","45,80","22,26","48,15","73,67","73,67",NYSE,Public Utilities
269,PANL,PANGAEA LOGISTICS SOLUTIONS LTD.,"5,36","5,72","4,48","7,11","26,44","26,44",NASDAQ,Transportation
270,PARR,PAR PACIFIC HOLDINGS INC.,"33,67","36,70","15,01","37,13","128,45","128,45",NYSE,Energy
271,PATK,PATRICK INDUSTRIES INC.,"76,18","84,61","43,09","86,50","74,74","74,74",NASDAQ,Capital Goods
272,PBF,PBF ENERGY INC.,"49,04","54,82","31,43","54,82","67,28","67,28",NYSE,Energy
273,PBR,PETROLEO BRASILEIRO S.A.,"14,48","15,39","9,14","16,05","22,69","22,69",NYSE,Energy
274,PENN,PENN NATIONAL GAMING INC.,"21,40","24,10","21,40","37,80","-16,81","-16,81",NASDAQ,Consumer Services
275,PFE,PFIZER INC.,"32,69","35,76","32,69","54,48","-25,40","-25,40",NYSE,Health Care
276,PHCF,PUHUI WEALTH INVESTMENT MANAGEMENT CO. LTD.,"1,75","2,79","1,75","3,97","-35,90","-35,90",NASDAQ,Finance
277,PHX,PHX MINERALS INC.,"3,54","3,72","2,38","4,31","21,93","21,93",NYSE,Energy
278,PII,POLARIS INC.,"104,49","113,98","92,65","137,08","5,19","5,19",NYSE,Capital Goods
279,PKX,POSCO,"100,77","113,45","36,61","132,07","156,57","156,57",NYSE,Basic Industries
280,PNRG,PRIMEENERGY RESOURCES CORPORATION,"97,00","117,48","71,60","117,48","46,02","46,02",NASDAQ,Energy
281,PRDO,PERDOCEO EDUCATION CORPORATION,"16,08","17,37","10,15","17,37","70,96","70,96",NASDAQ,Consumer Services
282,PRT,PERMROCK ROYALTY TRUST,"6,27","6,79","4,36","8,14","-7,11","-7,11",NYSE,Energy
283,PSX,PHILLIPS 66,"116,50","123,95","76,22","123,95","57,78","57,78",NYSE,Energy
284,PTEN,PATTERSON-UTI ENERGY INC.,"14,25","15,80","9,74","19,30","28,27","28,27",NASDAQ,Energy
285,PTR,PETROCHINA COMPANY LIMITED,"46,42","47,28",,,,,NYSE,Energy
286,PTSI,P.A.M. TRANSPORTATION SERVICES INC.,"20,65","23,32","20,65","33,57","-30,45","-30,45",NASDAQ,Transportation
287,PXD,PIONEER NATURAL RESOURCES COMPANY,"222,50","243,02","181,85","268,62","8,94","8,94",NYSE,Energy
288,QDEL,QUIDEL CORPORATION,"71,61","83,90","67,49","97,50","2,51","2,51",NASDAQ,Health Care
289,QFIN,360 DIGITECH INC.,"14,80","17,68","9,69","25,00","23,14","23,14",NASDAQ,Finance
290,R,RYDER SYSTEM INC.,"96,94","104,67","73,43","104,67","37,22","37,22",NYSE,Consumer Services
291,RBCN,RUBICON TECHNOLOGY INC.,"1,22","1,50","1,16","2,33","-37,05","-37,05",NASDAQ,Technology
292,RCMT,RCM TECHNOLOGIES INC.,"19,28","20,68","10,32","20,68","29,21","29,21",NASDAQ,Technology
293,RELL,RICHARDSON ELECTRONICS LTD.,"11,07","12,67","11,07","26,55","-22,15","-22,15",NASDAQ,Technology
294,RELV,RELIV' INTERNATIONAL INC.,"3,78","3,83","2,09","4,62","-14,89","-14,89",NASDAQ,Health Care
295,RENN,RENREN INC.,"0,94","1,71","0,90","33,86","-94,35","-94,35",NYSE,Consumer Durables
296,RES,RPC INC.,"8,26","8,93","6,59","11,13","35,51","35,51",NYSE,Energy
297,RETO,RETO ECO-SOLUTIONS INC.,"0,54","0,99","0,23","6,70","40,48","40,48",NASDAQ,Capital Goods
298,REZI,RESIDEO TECHNOLOGIES INC.,"15,66","17,07","15,28","23,78","-15,71","-15,71",NYSE,Capital Goods
299,RFP,RESOLUTE FOREST PRODUCTS INC.,"21,60","22,13","20,00","22,13","9,44","9,44",NYSE,Basic Industries
300,RGP,RESOURCES CONNECTION INC.,"14,69","15,65","14,28","19,49","-14,12","-14,12",NASDAQ,Miscellaneous
301,RLGY,REALOGY HOLDINGS CORP.,"11,96","12,46",,,,,NYSE,Finance
302,RLX,RLX TECHNOLOGY,"1,42","1,58","0,94","2,91","52,94","52,94",NYSE,Consumer Non-Durables
303,RMR,THE RMR GROUP INC.,"24,36","25,46","21,14","31,16","4,41","4,41",NASDAQ,Consumer Services
304,RRC,RANGE RESOURCES CORPORATION,"30,00","33,31","22,88","33,55","29,97","29,97",NYSE,Energy
305,RUSHA,RUSH ENTERPRISES INC.CL A,"39,41","42,09","39,41","65,34","-5,88","-5,88",NASDAQ,Consumer Durables
306,RUSHB,RUSH ENTERPRISES INC.,"43,08","46,50","43,08","70,83","-3,37","-3,37",NASDAQ,Consumer Durables
307,RYI,RYERSON HOLDING CORPORATION,"28,35","31,51","24,42","44,08","9,71","9,71",NYSE,Basic Industries
308,SAFM,SANDERSON FARMS INC.,"204,00","216,46",,,,,NASDAQ,Consumer Non-Durables
309,SANW,S&W SEED COMPANY,"0,75","0,96","0,68","2,00","3,71","3,71",NASDAQ,Consumer Non-Durables
310,SB,SAFE BULKERS INC,"2,99","3,25","2,42","3,84","24,52","24,52",NYSE,Transportation
311,SBBA,SCORPIO TANKERS INC.,"24,74","25,11","24,38","25,35","-0,60","-0,60",NYSE,Transportation
312,SBH,SALLY BEAUTY HOLDINGS INC.,"8,28","10,42","8,28","17,97","-35,55","-35,55",NYSE,Consumer Services
313,SBLK,STAR BULK CARRIERS CORP.,"17,23","18,68","16,95","24,58","-1,94","-1,94",NASDAQ,Transportation
314,SBLKZ,STAR BULK CARRIERS CORP.,"25,38","25,42",,,,,NASDAQ,Transportation
315,SBOW,SILVERBOW RESORCES INC.,"32,92","42,53","20,35","42,68","38,21","38,21",NYSE,Energy
316,SBR,SABINE ROYALTY TRUST,"63,60","66,52","61,76","89,68","-0,67","-0,67",NYSE,Energy
317,SCSC,SCANSOURCE INC.,"29,46","33,26","26,14","35,33","14,23","14,23",NASDAQ,Technology
318,SCVL,SHOE CARNIVAL INC.,"20,93","23,43","19,57","28,70","16,57","16,57",NASDAQ,Consumer Services
319,SCX,L.S. STARRETT COMPANY,"10,02","11,11","6,94","12,98","23,66","23,66",NYSE,Capital Goods
320,SCYX,SCYNEXIS INC.,"2,18","3,64","1,15","3,67","-5,22","-5,22",NASDAQ,Health Care
321,SD,SANDRIDGE ENERGY INC.,"15,24","16,76","13,06","21,68","2,25","2,25",NYSE,Energy
322,SHEL,ROYAL DUTCH SHELL PLC,"62,81","65,30","48,07","65,30","34,49","34,49",NYSE,Energy
323,SIG,SIGNET JEWELERS LIMITED,"71,85","78,74","53,95","83,14","33,18","33,18",NYSE,Consumer Services
324,SIMO,SILICON MOTION TECHNOLOGY CORPORATION,"51,14","54,55","51,14","94,90","-23,10","-23,10",NASDAQ,Technology
325,SJ,SCIENJOY HOLDING CORPORATION,"2,63","3,53","1,35","4,79","42,92","42,92",NASDAQ,Technology
326,SJT,SAN JUAN BASIN ROYALTY TRUST,"6,58","7,08","6,58","12,20","-23,90","-23,90",NYSE,Energy
327,SKM,SK TELECOM CO. LTD.,"19,90","21,26","18,64","21,59","6,46","6,46",NYSE,Public Utilities
328,SKY,SKYLINE CHAMPION CORPORATION,"64,28","73,19","46,74","75,41","23,32","23,32",NYSE,Basic Industries
329,SLCA,U.S. SILICA HOLDINGS INC.,"12,97","14,36","10,51","14,71","31,97","31,97",NYSE,Basic Industries
330,SLGL,SOL-GEL TECHNOLOGIES LTD.,"2,02","2,78","2,02","5,32","-59,08","-59,08",NASDAQ,Health Care
331,SM,SM ENERGY COMPANY,"37,36","42,84","25,28","48,38","12,12","12,12",NYSE,Energy
332,SNP,CHINA PETROLEUM & CHEMICAL CORPORATION,"46,80","46,80",,,,,NYSE,Energy
333,SONO,SONOS INC.,"12,80","13,55","12,80","21,78","-10,93","-10,93",NASDAQ,Consumer Non-Durables
334,SQM,SOCIEDAD QUIMICA Y MINERA S.A.,"56,33","63,12","56,33","111,03","-40,21","-40,21",NYSE,Basic Industries
335,STLD,STEEL DYNAMICS INC.,"98,37","107,38","70,71","136,06","47,67","47,67",NASDAQ,Basic Industries
336,STNG,SCORPIO TANKERS INC.,"48,52","54,02","39,08","63,19","24,71","24,71",NYSE,Transportation
337,SU,SUNCOR ENERGYINC.,"33,80","35,11","27,02","37,02","26,54","26,54",NYSE,Energy
338,SUP,SUPERIOR INDUSTRIES INTERNATIONAL INC.,"3,00","3,55","3,00","7,21","-3,27","-3,27",NYSE,Capital Goods
339,SUZ,SUZANO S.A.,"9,73","11,29","7,55","11,29","37,89","37,89",NYSE,Basic Industries
340,SWN,SOUTHWESTERN ENERGY COMPANY,"6,08","6,78","4,61","7,30","2,81","2,81",NYSE,Energy
341,SXC,SUNCOKE ENERGY INC.,"8,84","9,90","5,81","10,31","69,42","69,42",NYSE,Basic Industries
342,SYNL,SYNALLOY CORPORATION,"12,75","15,57",,,,,NASDAQ,Basic Industries
343,TA,TRAVELCENTERS OF AMERICA INC.,"86,00","86,13","42,58","88,36","57,94","57,94",NASDAQ,Consumer Durables
344,TALO,TALOS ENERGY INC.,"15,82","17,30","11,11","21,79","6,68","6,68",NYSE,Energy
345,TANNI,TRAVELCENTERS OF AMERICA INC.,"25,10","25,35","25,00","26,11","-1,96","-1,96",NASDAQ,Consumer Durables
346,TANNL,TRAVELCENTERS OF AMERICA INC.,"24,87","25,49","24,72","25,75","-0,64","-0,64",NASDAQ,Consumer Durables
347,TANNZ,TRAVELCENTERS OF AMERICA INC.,"25,07","25,26","24,85","25,63","-0,67","-0,67",NASDAQ,Consumer Durables
348,TCS,CONTAINER STORE,"1,96","2,33","1,96","5,70","-61,87","-61,87",NYSE,Consumer Services
349,TECK,TECK RESOURCES LTD,"40,00","43,89","29,20","48,65","40,55","40,55",NYSE,Basic Industries
350,TEF,TELEFONICA SA,"4,01","4,34","3,15","4,53","24,18","24,18",NYSE,Public Utilities
351,TEX,TEREX CORPORATION,"56,85","62,81","29,34","65,43","93,87","93,87",NYSE,Capital Goods
352,TGA,TRANSGLOBE ENERGY CORPORATION,"2,88","3,72","2,65","3,72","40,38","40,38",NASDAQ,Energy
353,TGLS,TECNOGLASS INC.,"32,85","39,66","19,62","53,82","64,83","64,83",NASDAQ,Consumer Durables
354,TGNA,TEGNA INC,"14,52","16,30","14,52","21,84","-31,28","-31,28",NYSE,Consumer Services
355,TGS,TRANSPORTADORA DE GAS DEL SUR SA TGS,"10,51","12,45","6,90","14,00","52,75","52,75",NYSE,Public Utilities
356,THO,THOR INDUSTRIES INC.,"93,03","108,35","68,90","115,86","33,20","33,20",NYSE,Consumer Non-Durables
357,TIGO,MILLICOM INTERNATIONAL CELLULAR S.A.,"15,44","16,14","10,56","20,61","37,38","37,38",NASDAQ,Public Utilities
358,TILE,INTERFACE INC.,"9,44","10,64","6,62","12,05","9,11","9,11",NASDAQ,Consumer Durables
359,TITN,TITAN MACHINERY INC.,"26,27","29,78","25,25","47,46","-4,92","-4,92",NASDAQ,Consumer Services
360,TKC,TURKCELL ILETISIM HIZMETLERI AS,"4,86","5,52","2,66","5,52","69,76","69,76",NYSE,Public Utilities
361,TPR,TAPESTRY INC.,"28,52","33,70","28,43","46,62","-1,76","-1,76",NYSE,Consumer Non-Durables
362,TSN,TYSON FOODS INC.,"50,64","54,47","47,28","68,64","-26,14","-26,14",NYSE,Consumer Non-Durables
363,TTE,TOTALENERGIES SE,"63,86","66,40","45,51","66,40","45,40","45,40",NYSE,Energy
364,TWI,TITAN INTERNATIONAL INC.,"11,36","13,42","9,45","17,12","11,65","11,65",NYSE,Basic Industries
365,TX,TERNIUM S.A.,"38,13","42,46","27,14","45,20","39,42","39,42",NYSE,Basic Industries
366,TXMD,THERAPEUTICSMD INC.,"2,93","3,83","2,93","7,26","-57,47","-57,47",NASDAQ,Health Care
367,TZOO,TRAVELZOO,"5,96","7,26","4,11","10,42","32,70","32,70",NASDAQ,Consumer Services
368,UA,UNDER ARMOUR INC.,"6,04","7,06","5,92","11,18","-11,82","-11,82",NYSE,Consumer Non-Durables
369,UAA,UNDER ARMOUR INC.,"6,55","7,82","6,55","12,78","-15,48","-15,48",NYSE,Consumer Non-Durables
370,UAL,UNITED AIRLINES HOLDINGS INC.,"42,77","49,70","32,53","57,48","30,28","30,28",NASDAQ,Transportation
371,UFPI,UFP INDUSTRIES INC.,"101,32","107,28","67,31","107,28","48,45","48,45",NASDAQ,Basic Industries
372,ULH,UNIVERSAL LOGISTICS HOLDINGS INC.,"24,65","26,92","24,65","43,87","-22,80","-22,80",NASDAQ,Transportation
373,UMC,UNITED MICROELECTRONICS CORPORATION,"6,95","7,38","5,36","8,92","21,03","21,03",NYSE,Technology
374,UONE,URBAN ONE INC.,"5,07","5,52","4,42","7,95","-5,94","-5,94",NASDAQ,Consumer Services
375,UONEK,URBAN ONE INC. CLASS D,"5,00","5,52","3,65","6,14","20,33","20,33",NASDAQ,Consumer Services
376,USAK,USA TRUCK INC.,"31,35","31,35",,,,,NASDAQ,Transportation
377,UUU,UNIVERSAL SECURITY INSTRUMENTS INC,"2,32","2,60","1,90","4,00","-35,77","-35,77",NYSE,Technology
378,VAC,MARRIOTT VACATIONS WORLDWIDE CORPORATION,"97,80","110,74","97,80","163,56","-20,22","-20,22",NYSE,Finance
379,VALE,VALE S.A.,"13,18","14,42","12,27","19,30","6,29","6,29",NYSE,Basic Industries
380,VEDL,VEDANTA LIMITED,"15,88","16,72",,,,,NYSE,Capital Goods
381,VEON,VEON LTD.,"16,19","19,40","7,53","21,08","122,09","122,09",NASDAQ,Public Utilities
382,VET,VERMILION ENERGY INC.,"13,98","15,67","10,87","24,63","-28,64","-28,64",NYSE,Energy
383,VIRC,VIRCO MANUFACTURING CORPORATION,"4,44","6,80","3,66","6,80","58,88","58,88",NASDAQ,Consumer Durables
384,VLGEA,VILLAGE SUPER MARKET INC.,"21,80","23,03","19,23","24,39","16,76","16,76",NASDAQ,Consumer Services
385,VLO,VALERO ENERGY CORPORATION,"133,09","146,95","101,17","149,96","45,25","45,25",NYSE,Energy
386,VNCE,VINCE HOLDING CORP.,"1,55","2,28","1,55","8,10","-72,17","-72,17",NYSE,Consumer Services
387,VRTV,VERITIV CORPORATION,"168,06","168,91","96,62","169,49","74,56","74,56",NYSE,Consumer Services
388,VSCO,VICTORIAS SECRET,"16,64","19,72","16,64","47,46","-43,23","-43,23",NYSE,Consumer Services
389,VSH,VISHAY INTERTECHNOLOGY INC.,"24,30","27,51","17,79","29,92","36,47","36,47",NYSE,Capital Goods
390,VST,VISTRA CORP.,"31,94","33,89","21,00","33,89","53,00","53,00",NYSE,Public Utilities
391,VTRS,VIATRIS INC.,"9,64","10,76","8,48","12,26","14,74","14,74",NASDAQ,Health Care
392,VYGR,VOYAGER THERAPEUTICS INC.,"7,57","10,06","4,79","13,99","30,52","30,52",NASDAQ,Health Care
393,VZ,VERIZON COMMUNICATIONS INC.,"33,15","34,92","31,68","42,19","-14,76","-14,76",NASDAQ,Public Utilities
394,WCC,WESCO INTERNATIONAL INC.,"147,45","163,35","115,10","183,07","28,11","28,11",NYSE,Consumer Non-Durables
395,WEYS,WEYCO GROUP INC.,"26,52","28,03","20,34","28,78","30,31","30,31",NASDAQ,Consumer Non-Durables
396,WFG,WEST FRASER TIMBER CO,"70,44","74,91","67,42","89,57","1,20","1,20",NYSE,Consumer Durables
397,WGO,WINNEBAGO INDUSTRIES INC.,"59,61","66,50","51,77","68,99","14,85","14,85",NYSE,Consumer Non-Durables
398,WIRE,ENCORE WIRE CORPORATION,"164,20","178,69","113,83","199,61","56,98","56,98",NASDAQ,Capital Goods
399,WNC,WABASH NATIONAL CORPORATION,"21,08","23,16","15,41","30,01","44,93","44,93",NYSE,Capital Goods
400,WTI,W&T OFFSHORE INC.,"4,05","4,38","3,69","8,99","-21,69","-21,69",NYSE,Energy
401,WU,WESTERN UNION COMPANY,"12,48","13,15","10,34","14,69","-2,23","-2,23",NYSE,Miscellaneous
402,X,UNITED STATES STEEL CORPORATION,"30,22","32,02","18,12","32,15","71,78","71,78",NYSE,Basic Industries
403,XCUR,EXICURE INC.,"0,74","0,96","0,71","1,86","-47,52","-47,52",NASDAQ,Health Care
404,XOM,EXXON MOBIL CORPORATION,"113,50","118,42","85,74","119,17","35,42","35,42",NYSE,Energy
405,XYF,X FINANCIAL,"4,06","4,52","1,62","5,00","79,78","79,78",NYSE,
406,YALA,YALLA GROUP LIMITED,"4,98","5,35","3,08","5,68","51,63","51,63",NYSE,
407,YGMZ,MINGZHU LOGISTICS HOLDINGS LIMITED,"0,45","0,54","0,45","3,97","-76,44","-76,44",NASDAQ,Consumer Services
408,YPF,YPF SOCIEDAD ANONIMA,"11,99","14,20","6,21","15,67","102,58","102,58",NYSE,Energy
409,ZIM,ZIM INTEGRATED SHIPPING SERVICES LTD,"10,83","12,24","10,83","27,08","-56,63","-56,63",NYSE,Transportation
410,ZYME,ZYMEWORKS INC.,"6,35","7,48","4,89","10,22","15,25","15,25",NYSE,Health Care
