,funds,NAME,MIN_MES,MAX_MES,MIN_52S,MAX_52S,VAL_12M,VAL_MES,TIPO,SEGMENTO
0,ABCP11,GRAND PLAZA SHOPPING,"R$ 67,10","R$ 70,00","63,99","76,10","-10,54","-10,54",Shoppings,Shoppings
1,AFHI11,AF INVEST CRI,"R$ 97,00","R$ 97,80","92,17","100,31","-2,50","-2,50",Títulos e Valores Mobiliários,Títulos e Valores Mobiliários
2,AIEC11,AUTONOMY EDIFÍCIOS CORPORATIVOS,"R$ 65,83","R$ 68,98","59,48","81,00","-12,09","-12,09",Lajes Corporativas,Lajes Corporativas
3,ALMI11,TORRE ALMIRANTE,"R$ 714,42","R$ 773,95","714,42","1.000,00","-18,03","-18,03",Lajes Corporativas,Lajes Corporativas
4,ALZC11,ALIANZA CRÉDITO IMOBILIÁRIO FII FUNDO DE INV IMOB,R$ -,R$ -,-,-,-,-,,
5,ALZM11,ALIANZA MULTIESTRATÉGIA FUNDO DE INVESTIMENTO IMOB,"R$ 90,67","R$ 95,75","79,40","96,00","4,30","4,30",Títulos e Valores Mobiliários,Títulos e Valores Mobiliários
6,ALZR11,ALIANZA TRUST RENDA IMOBILIÁRIA,"R$ 116,79","R$ 117,11","109,00","120,12","-1,33","-1,33",Híbrido,Híbrido
7,ANCR11B,ANCAR CI,"R$ 3.466,00","R$ 3.466,00","3.450,00","3.500,00","0,46","0,46",Shoppings,Shoppings
8,APTO11,NAVI RESIDENCIAL,"R$ 9,79","R$ 9,93","8,10","10,00","9,97","9,97",Híbrido,Híbrido
9,APXM11,FUNDO DE INVESTIMENTO IMOBILIÁRIO APEX MALLS,"R$ 110,00","R$ 118,75","100,00","118,75","3,22","3,22",Híbrido,Híbrido
10,AQLL11,ÁQUILLA,"R$ 385,03","R$ 386,00",-,-,-,-,Híbrido,Híbrido
11,ARFI11B,ÁQUILLA RENDA,R$ -,R$ -,-,-,-,-,Títulos e Valores Mobiliários,Títulos e Valores Mobiliários
12,AROA11,AROEIRA 333 RENDA LOGÍSTICA FDO DE INV IMOB,R$ -,R$ -,-,-,-,-,Outros,Outros
13,ARRI11,ÁTRIO REIT RECEBÍVEIS IMOBILIÁRIOS,"R$ 8,62","R$ 8,81","8,06","9,43","-0,90","-0,90",Títulos e Valores Mobiliários,Títulos e Valores Mobiliários
14,ARXD11,ARX DOVER RECEBÍVEIS FDO DE INV IMOB,"R$ 102,00","R$ 102,00","100,00","102,00","2,00","2,00",Títulos e Valores Mobiliários,Títulos e Valores Mobiliários
15,ASMT11,ASA METROPOLIS FUNDO DE INVESTIMENTO IMOBILIÁRIO,"R$ 48,32","R$ 48,95","48,00","82,84","-35,00","-35,00",Híbrido,Híbrido
16,ASRF11,ASA RETROFITS I FDO DE INV IMOB,R$ -,R$ -,-,-,-,-,Híbrido,Híbrido
17,ATCR11,HAZ,R$ -,R$ -,-,-,-,-,Títulos e Valores Mobiliários,Títulos e Valores Mobiliários
18,ATSA11,HEDGE ATRIUM SHOPPING SANTO ANDRÉ,"R$ 57,38","R$ 59,23","55,69","84,00","-29,29","-29,29",Shoppings,Shoppings
19,ATWN11,FDO. INV. IMOB. A–TOWN,R$ -,R$ -,-,-,-,-,Outros,Outros
20,AURB11,ALIANZA URBAN HUB RENDA FUNDO DE INVESTIMENTO IMOB,R$ -,R$ -,-,-,-,-,Logística,Logística
21,BARI11,FDO INV IMOB BARIGUI RENDIMENTOS IMOB I FII,"R$ 83,39","R$ 85,03","76,71","97,66","-14,32","-14,32",Títulos e Valores Mobiliários,Títulos e Valores Mobiliários
22,BBFI11B,BB PROGRESSIVO,"R$ 979,00","R$ 991,00","979,00","2.184,86","-48,96","-48,96",Lajes Corporativas,Lajes Corporativas
23,BBFO11,BB FUNDO DE FUNDOS,"R$ 73,05","R$ 74,50","60,51","79,52","-6,70","-6,70",Títulos e Valores Mobiliários,Títulos e Valores Mobiliários
24,BBIM11,BB RECEBÍVEIS IMOBILIÁRIOS,R$ -,R$ -,-,-,-,-,Títulos e Valores Mobiliários,Títulos e Valores Mobiliários
25,BBPO11,BB PROGRESSIVO II,"R$ 95,59","R$ 96,90","81,30","98,96","5,62","5,62",Lajes Corporativas,Lajes Corporativas
26,BBRC11,BB RENDA CORPORATIVA,"R$ 113,20","R$ 117,21","91,56","117,99","10,07","10,07",Outros,Outros
27,BCFF11,BTG FUNDO DE FUNDOS,"R$ 71,81","R$ 75,15","60,85","76,15","0,46","0,46",Títulos e Valores Mobiliários,Títulos e Valores Mobiliários
28,BCIA11,BRADESCO CARTEIRA IMOBILIÁRIA ATIVA,"R$ 101,14","R$ 102,75","79,70","106,67","13,79","13,79",Títulos e Valores Mobiliários,Títulos e Valores Mobiliários
29,BCRI11,BANESTES RECEBÍVEIS IMOBILIÁRIOS,"R$ 69,80","R$ 71,40","67,50","104,69","-33,07","-33,07",Títulos e Valores Mobiliários,Títulos e Valores Mobiliários
30,BICE11,BRIO CRÉDITO ESTRUTURADO,"R$ 980,00","R$ 980,00","840,00","1.000,00","3,16","3,16",Títulos e Valores Mobiliários,Títulos e Valores Mobiliários
31,BICR11,INTER TÍTULOS IMOB. FDO INV. IMOB.,"R$ 82,02","R$ 89,40","78,77","110,00","-20,33","-20,33",Títulos e Valores Mobiliários,Títulos e Valores Mobiliários
32,BIME11,BRIO MULTIESTRATÉGIA,"R$ 7,40","R$ 7,63","6,57","9,34","-19,89","-19,89",Híbrido,Híbrido
33,BIPD11,BRIO REAL ESTATE IV,R$ -,R$ -,-,-,-,-,Híbrido,Híbrido
34,BLCA11,BLUEMACAW CATUAÍ TRIPLE A FDO DE INV IMOB,"R$ 124,51","R$ 128,00","85,00","138,74","36,93","36,93",Lajes Corporativas,Lajes Corporativas
35,BLCP11,BLUECAP RENDA LOG. FDO INV. IMOB. - FII,"R$ 86,01","R$ 91,48","86,01","91,49","4,44","4,44",Logística,Logística
36,BLMC11,BLUEMACAW CRÉDITO IMOBILIÁRIO,"R$ 81,89","R$ 82,45","70,15","88,29","-5,85","-5,85",Títulos e Valores Mobiliários,Títulos e Valores Mobiliários
37,BLMG11,BLUEMACAW LOGÍSTICA,"R$ 60,39","R$ 64,46","60,13","89,69","-27,56","-27,56",Outros,Outros
38,BLMO11,BLUEMACAW OFFICE FUND II - FDO. INVEST. IMOB.,"R$ 18.898,00","R$ 18.898,00","18.898,00","22.000,00","-14,10","-14,10",Lajes Corporativas,Lajes Corporativas
39,BLMR11,BLUEMACAW RENDA + FOF,"R$ 7,15","R$ 7,38","6,10","8,08","-5,55","-5,55",Títulos e Valores Mobiliários,Títulos e Valores Mobiliários
40,BLUR11,FUNDO DE INVESTIMENTO IMOBILIÁRIO – BLUE RECEBÍVEI,"R$ 100,00","R$ 100,00","90,22","102,50","10,84","10,84",Títulos e Valores Mobiliários,Títulos e Valores Mobiliários
41,BMII11,BRASILIO MACHADO,R$ -,R$ -,-,-,-,-,Lajes Corporativas,Lajes Corporativas
42,BMLC11,BM BRASCAN LAJES CORPORATIVAS,"R$ 105,01","R$ 108,99","98,00","108,99","6,02","6,02",Híbrido,Híbrido
43,BNFS11,BANRISUL NOVAS FRONTEIRAS,"R$ 121,15","R$ 122,50","110,95","128,00","-1,05","-1,05",Outros,Outros
44,BPFF11,BRASIL PLURAL ABSOLUTO FUNDO DE FUNDOS,"R$ 72,10","R$ 72,90","57,65","73,62","5,70","5,70",Outros,Outros
45,BPLC11,BASÍLICA PARTNERS LED CORPORATE FDO INV IMOB FII,R$ -,R$ -,-,-,-,-,Híbrido,Híbrido
46,BPML11,FDO INV IMOB BTG PACTUAL SHOPPINGS,"R$ 75,00","R$ 76,40","51,90","76,40","22,63","22,63",Shoppings,Shoppings
47,BPRP11,FDO INV IMOB - FII BRLPROP,"R$ 96,10","R$ 97,00","90,11","110,04","-1,44","-1,44",Outros,Outros
48,BRCO11,BRESCO LOGÍSTICA - FDO INV IMOB,"R$ 122,98","R$ 127,00","90,30","127,00","14,74","14,74",Logística,Logística
49,BRCR11,BTG PACTUAL CORPORATE OFFICE,"R$ 62,00","R$ 62,88","50,45","70,59","-7,12","-7,12",Híbrido,Híbrido
50,BREV11,BRAZIL REAL ESTATE VICTORY FUND I,"R$ 104,75","R$ 107,95","85,00","127,00","-1,09","-1,09",Híbrido,Híbrido
51,BRHT11B,BR HOTÉIS,"R$ 85,06","R$ 87,41",-,-,-,-,Outros,Outros
52,BRIM11,BRIO REAL ESTATE II - FDO INV IMOB,"R$ 1.018,00","R$ 1.030,22",-,-,-,-,Residencial,Residencial
53,BRIP11,BRIO REAL ESTATE III,"R$ 950,00","R$ 950,01","909,00","1.213,99","-13,75","-13,75",Híbrido,Híbrido
54,BRIX11,BRIX FUNDO DE INVESTIMENTO IMOBILIÁRIO,R$ -,R$ -,-,-,-,-,Títulos e Valores Mobiliários,Títulos e Valores Mobiliários
55,BRLA11,FUNDO DE INVESTIMENTO IMOBILIÁRIO BRL PROP II,"R$ 138,03","R$ 163,50","125,00","163,70","2,03","2,03",Outros,Outros
56,BROF11,BRPR CORPORATE OFFICES FDO DE INV IMOB,"R$ 65,87","R$ 67,65","56,20","70,90","6,28","6,28",Híbrido,Híbrido
57,BROL11,BR PROPERTIES,R$ -,R$ -,-,-,-,-,,
58,BRSE11,BR7 SENADO FUNDO DE INVESTIMENTO IMOBILIÁRIO,R$ -,R$ -,-,-,-,-,Outros,Outros
59,BTAL11,BTG PACTUAL AGRO LOGÍSTICA,"R$ 87,70","R$ 90,09","81,89","102,40","-13,41","-13,41",Outros,Outros
60,BTCI11,FII BTG PACTUAL CRÉDITO IMOBILIÁRIO,"R$ 9,56","R$ 9,72","8,47","89,99","-89,06","-89,06",Títulos e Valores Mobiliários,Títulos e Valores Mobiliários
61,BTCR11,BTG PACTUAL CRÉDITO IMOBILIÁRIO,"R$ 85,45","R$ 91,96","85,45","97,79","-8,19","-8,19",Títulos e Valores Mobiliários,Títulos e Valores Mobiliários
62,BTLG11,BTG PACTUAL LOGISTICA FDO INV IMOB - FII,"R$ 104,29","R$ 104,76","91,33","107,48","0,61","0,61",Híbrido,Híbrido
63,BTRA11,FDO INV IMOB BTG PACTUAL TERRAS AGRÍCOLAS,"R$ 70,50","R$ 73,05","70,50","93,00","-18,86","-18,86",Outros,Outros
64,BTSG11,BTSP I FDO. INVEST. IMOB,"R$ 139,08","R$ 139,08","100,00","140,00","39,08","39,08",Logística,Logística
65,BTSI11,BTSP II FUNDO DE INVESTIMENTO IMOBILIÁRIO,"R$ 64,89","R$ 104,00","64,89","105,00","-0,95","-0,95",Híbrido,Híbrido
66,BTWR11,BTOWERS FII,"R$ 107,00","R$ 107,00","105,09","107,00","1,43","1,43",Lajes Corporativas,Lajes Corporativas
67,BVAR11,BRASIL VAREJO,R$ -,R$ -,-,-,-,-,Outros,Outros
68,BZEL11,BARZEL FUNDO DE INVESTIMENTO IMOBILIÁRIO,R$ -,R$ -,-,-,-,-,Híbrido,Híbrido
69,BZLI11,BRAZIL REALTY,"R$ 17,00","R$ 17,00","15,50","19,78","0,00","0,00",Títulos e Valores Mobiliários,Títulos e Valores Mobiliários
70,CACR11,CARTESIA RECEBÍVEIS IMOBILIÁRIOS,"R$ 104,75","R$ 105,29","99,70","108,00","5,45","5,45",,
71,CARE11,BRAZILIAN GRAVEYARD AND DEATH CARE,"R$ 1,82","R$ 1,90","1,82","4,16","-54,14","-54,14",Híbrido,Híbrido
72,CBOP11,CASTELLO BRANCO OFFICE PARK,"R$ 31,57","R$ 32,20","31,57","61,99","-47,96","-47,96",Lajes Corporativas,Lajes Corporativas
73,CCLB11,FII CENTRAL LEBLON,R$ -,R$ -,-,-,-,-,Híbrido,Híbrido
74,CCME11,CANUMA CAPITAL MULTIESTRATÉGIA FDO DE INV IMOB,"R$ 107,57","R$ 109,29","90,01","130,00","6,12","6,12",Outros,Outros
75,CCRF11,CANVAS CRI,"R$ 92,86","R$ 99,85","77,22","100,00","-1,35","-1,35",Títulos e Valores Mobiliários,Títulos e Valores Mobiliários
76,CEOC11,CYRELA COMMERCIAL PROPERTIES,"R$ 48,84","R$ 51,79","48,48","65,01","-19,71","-19,71",Lajes Corporativas,Lajes Corporativas
77,CFHI11,CF2 FUNDO DE INVESTIMENTO IMOBILIÁRIO,R$ -,R$ -,-,-,-,-,Outros,Outros
78,CFII11,CF3 FUNDO DE INVESTIMENTO IMOBILIÁRIO,R$ -,R$ -,-,-,-,-,Híbrido,Híbrido
79,CIXR11,CIX RENDIMENTO FUNDO DE INVESTIMENTO IMOBILIÁRIO,R$ -,R$ -,-,-,-,-,,
80,CJCT11,CIDADE JARDIM CONTINENAL TOWER,"R$ 67,50","R$ 68,00","60,00","90,04","-17,68","-17,68",Lajes Corporativas,Lajes Corporativas
81,CJFI11,FDO INV IMOB CJ,R$ -,R$ -,-,-,-,-,Híbrido,Híbrido
82,CNES11,CENESP,"R$ 23,30","R$ 27,44","23,30","33,98","-31,10","-31,10",Lajes Corporativas,Lajes Corporativas
83,COPP11,CORPORATE OFFICE PROPERTIES FII - FDO DE INV IMOB,"R$ 100,00","R$ 100,00","100,00","100,00","0,00","0,00",Híbrido,Híbrido
84,CPFF11,CAPITÂNIA REIT FOF - FDO. INVEST. IMOB,"R$ 77,38","R$ 78,99","56,60","79,49","5,45","5,45",Títulos e Valores Mobiliários,Títulos e Valores Mobiliários
85,CPFO11,CAPITÂNIA REIT FOF - FDO INV IMOB II,R$ -,R$ -,-,-,-,-,Títulos e Valores Mobiliários,Títulos e Valores Mobiliários
86,CPSH11,SHOPPINGS AAA FDO DE INV IMOB,"R$ 115,50","R$ 119,99","104,93","119,99","14,35","14,35",Shoppings,Shoppings
87,CPTS11,CAPITANIA SECURITIES II,"R$ 88,01","R$ 90,10","74,86","93,09","-1,18","-1,18",Títulos e Valores Mobiliários,Títulos e Valores Mobiliários
88,CRFF11,CAIXA RIO BRAVO FDO DE FDOS INV IMOB II,"R$ 81,49","R$ 83,40","59,88","83,40","11,21","11,21",Títulos e Valores Mobiliários,Títulos e Valores Mobiliários
89,CSMC11,COSMIC FDO DE INV IMOB,R$ -,R$ -,-,-,-,-,Logística,Logística
90,CTNP11,CONSTANTINOPLA RECEBÍVEIS IMOBILIÁRIOS FII,R$ -,R$ -,-,-,-,-,,
91,CTXT11,CENTRO TÊXTIL INTERNACIONAL,"R$ 12,05","R$ 12,95","10,41","15,25","-0,39","-0,39",Lajes Corporativas,Lajes Corporativas
92,CVBI11,FDO INV. IMOB. VBI CRI,"R$ 92,24","R$ 94,50","84,59","96,74","1,58","1,58",Títulos e Valores Mobiliários,Títulos e Valores Mobiliários
93,CVPR11,CVPAR FUNDO DE INVESTIMENTO IMOBILIÁRIO DE CRI,R$ -,R$ -,-,-,-,-,Títulos e Valores Mobiliários,Títulos e Valores Mobiliários
94,CXAG11,FII CAIXA AGÊNCIAS,"R$ 82,06","R$ 83,30","74,92","88,84","1,13","1,13",Outros,Outros
95,CXCE11B,CAIXA CEDAE,"R$ 41,96","R$ 42,55","38,40","44,00","7,59","7,59",Lajes Corporativas,Lajes Corporativas
96,CXCI11,FDO DE INVST IMOB CAIXA CARTEIRA IMOBILIÁRIA,"R$ 89,40","R$ 91,80","74,77","91,80","6,99","6,99",Títulos e Valores Mobiliários,Títulos e Valores Mobiliários
97,CXCO11,FDO. INV. IMOB. CAIXA IMÓVEIS CORPORATIVOS,"R$ 78,15","R$ 81,01","66,14","85,60","-0,83","-0,83",Lajes Corporativas,Lajes Corporativas
98,CXRI11,CAIXA RIO BRAVO,"R$ 81,70","R$ 84,88","59,59","84,88","16,96","16,96",Títulos e Valores Mobiliários,Títulos e Valores Mobiliários
99,CXTL11,CAIXA TRX LOGÍSTICA RENDA,"R$ 286,01","R$ 300,99","265,01","439,00","-23,90","-23,90",Logística,Logística
100,CYCR11,CYRELA CRÉDITO,"R$ 9,18","R$ 9,36","7,88","9,50","3,90","3,90",Títulos e Valores Mobiliários,Títulos e Valores Mobiliários
101,CYLD11,CYRELA DESENVOLVIMENTO LOGÍSTICO FUNDO DE INVESTIMENTO IMOBILIÁRIO,R$ -,R$ -,-,-,-,-,Logística,Logística
102,DAMT11B,DIAMANTE FDO INV IMOB,"R$ 17,40","R$ 19,05","12,20","21,77","46,31","46,31",Híbrido,Híbrido
103,DEVA11,DEVANT RECEBÍVEIS IMOBILIÁRIOS,"R$ 40,20","R$ 49,69","40,20","97,15","-58,20","-58,20",Títulos e Valores Mobiliários,Títulos e Valores Mobiliários
104,DLMT11,DEL MONTE AJAX FDO INV IMOB,R$ -,R$ -,-,-,-,-,Híbrido,Híbrido
105,DMAC11,MAC FDO INV IMOB,"R$ 9,99","R$ 14,25",-,-,-,-,Residencial,Residencial
106,DOMC11,REAG RENDA IMOBILIÁRIA,"R$ 434,01","R$ 440,00",-,-,-,-,Híbrido,Híbrido
107,DOVL11B,DOVEL FDO INV IMOB,"R$ 1.200,69","R$ 1.200,69","1.199,95","1.730,00","-30,60","-30,60",Lajes Corporativas,Lajes Corporativas
108,DPRO11,DEVANT PROPERTIES FUNDO DE INVESTIMENTO IMOB,"R$ 92,99","R$ 94,69","83,00","106,00","-7,90","-7,90",Híbrido,Híbrido
109,DRIT11B,MULTIGESTÃO RENDA COMERCIAL,"R$ 86,01","R$ 92,90","76,99","104,99","2,25","2,25",Lajes Corporativas,Lajes Corporativas
110,DVFF11,FDO. INVEST. IMOB. DEVANT FOF IMOBILIÁRIOS,"R$ 85,40","R$ 85,97","61,32","86,48","10,02","10,02",Híbrido,Híbrido
111,EDFO11B,EDIFÍCIO OUROINVEST,"R$ 187,51","R$ 196,98","177,00","248,00","-9,38","-9,38",Lajes Corporativas,Lajes Corporativas
112,EDGA11,EDIFÍCIO GALERIA,"R$ 19,02","R$ 20,00","17,30","23,60","-2,58","-2,58",Lajes Corporativas,Lajes Corporativas
113,EGYR11,ENERGY RESORT FDO. INVEST. IMOB,"R$ 8,20","R$ 9,00","0,93","10,62","421,88","421,88",Outros,Outros
114,ELDO11B,ELDORADO,"R$ 35,67","R$ 35,67",-,-,-,-,Shoppings,Shoppings
115,EQIR11,EQI RECEBÍVEIS IMOBILIÁRIOS,"R$ 9,32","R$ 9,80","8,22","10,18","-3,10","-3,10",Títulos e Valores Mobiliários,Títulos e Valores Mobiliários
116,ERCR11,ESTOQUE RESIDENCIAL E COMERCIAL RJ,"R$ 76.000,00","R$ 76.000,00",-,-,-,-,Híbrido,Híbrido
117,ERPA11,EUROPA 105 - FDO INV IMOB,"R$ 119,00","R$ 120,00","112,00","132,00","-9,09","-9,09",Lajes Corporativas,Lajes Corporativas
118,ESTQ11,FDO INV IMOB POLO ESTOQUE II,R$ -,R$ -,-,-,-,-,Híbrido,Híbrido
119,EURO11,EUROPAR,"R$ 246,50","R$ 249,89","218,31","250,00","8,58","8,58",Logística,Logística
120,EVBI11,VBI CONSUMO ESSEN,"R$ 95,41","R$ 98,00","86,70","102,00","-1,01","-1,01",Híbrido,Híbrido
121,EXES11,EXES FUNDO DE INVESTIMENTO IMOBILIÁRIO,"R$ 88,00","R$ 88,00","88,00","103,05","-14,60","-14,60",Títulos e Valores Mobiliários,Títulos e Valores Mobiliários
122,FAED11,ANHANGUERA EDUCACIONAL,"R$ 159,19","R$ 164,50","138,00","177,97","6,09","6,09",Outros,Outros
123,FAGL11,FATOR RENDA GALPÃO FDO INV IMOB,R$ -,R$ -,-,-,-,-,,
124,FAMB11B,EDIFÍCIO ALMIRANTE BARROSO,"R$ 800,00","R$ 1.044,47","700,24","1.184,99","28,80","28,80",Lajes Corporativas,Lajes Corporativas
125,FARU11,FATOR RENDA URBANA FDO DE INV IMOB,R$ -,R$ -,-,-,-,-,,
126,FATN11,FUNDO DE INVESTIMENTO IMOBILIÁRIO ATHENA I,"R$ 92,76","R$ 94,35","91,29","101,38","-6,26","-6,26",Híbrido,Híbrido
127,FCAS11,EDIFÍCIO CASTELO,R$ -,R$ -,-,-,-,-,Lajes Corporativas,Lajes Corporativas
128,FCFL11,CAMPUS FARIA LIMA,"R$ 116,02","R$ 117,00","98,92","131,00","-11,30","-11,30",Outros,Outros
129,FGPM11,FDO INVEST IMOB GRAND PLAZA MALL,R$ -,R$ -,-,-,-,-,,
130,FIGS11,GENERAL SHOPPING ATIVO E RENDA,"R$ 61,08","R$ 62,62","45,57","65,12","13,61","13,61",Shoppings,Shoppings
131,FIIB11,INDUSTRIAL DO BRASIL,"R$ 508,99","R$ 518,00","432,02","523,78","6,39","6,39",Híbrido,Híbrido
132,FIIP11B,RB CAPITAL RENDA I,"R$ 173,82","R$ 178,00","137,62","182,00","10,46","10,46",Híbrido,Híbrido
133,FINF11,INFRA REAL STATE,R$ -,R$ -,-,-,-,-,Logística,Logística
134,FISC11,FDO INV IMOB SC 401,"R$ 165,00","R$ 165,00",-,-,-,-,Lajes Corporativas,Lajes Corporativas
135,FISD11,SÃO DOMINGOS,R$ -,R$ -,-,-,-,-,Títulos e Valores Mobiliários,Títulos e Valores Mobiliários
136,FIVN11,VIDA NOVA,"R$ 3,91","R$ 4,13","2,85","4,44","28,21","28,21",Shoppings,Shoppings
137,FLCR11,FARIA LIMA CAPITAL RECEB. IMOB. I,"R$ 95,50","R$ 96,95","91,20","97,50","-0,31","-0,31",Títulos e Valores Mobiliários,Títulos e Valores Mobiliários
138,FLMA11,CONTINENTAL SQUARE FARIA LIMA,"R$ 139,98","R$ 142,28","116,63","143,71","4,85","4,85",Híbrido,Híbrido
139,FLRP11,FLORIPA SHOPPING,"R$ 1.880,00","R$ 2.026,99","1.512,01","2.130,00","25,32","25,32",Shoppings,Shoppings
140,FMOF11,MEMORIAL OFFICE,"R$ 53,89","R$ 56,98","48,00","64,99","-7,35","-7,35",Lajes Corporativas,Lajes Corporativas
141,FOFT11,HEDGE TOP FOFII 2,"R$ 110,99","R$ 123,00",-,-,-,-,Títulos e Valores Mobiliários,Títulos e Valores Mobiliários
142,FPAB11,PROJETO ÁGUA BRANCA,"R$ 187,00","R$ 209,95","116,00","217,34","-2,68","-2,68",Lajes Corporativas,Lajes Corporativas
143,FPNG11,PEDRA NEGRA RENDA IMOBILIÁRIA,"R$ 80,01","R$ 80,01","63,20","80,01","26,60","26,60",Lajes Corporativas,Lajes Corporativas
144,FRHY11,FRONTEIRA MULTI FUNDO DE INVESTIMENTO IMOBILIÁRIO,R$ -,R$ -,-,-,-,-,Títulos e Valores Mobiliários,Títulos e Valores Mobiliários
145,FTCE11B,OPORTUNITY,"R$ 2.900,89","R$ 2.900,89","2.869,02","2.900,89","1,11","1,11",Híbrido,Híbrido
146,FVBI11,VBI FL 4440,"R$ 35,23","R$ 35,23",-,-,-,-,Lajes Corporativas,Lajes Corporativas
147,FVPQ11,VIA PARQUE SHOPPING,"R$ 124,00","R$ 126,01","87,98","128,00","4,98","4,98",Shoppings,Shoppings
148,GALG11,GUARDIAN LOGISTICA,"R$ 9,08","R$ 9,13","8,13","9,80","-6,10","-6,10",Híbrido,Híbrido
149,GAME11,FDO DE INVEST IMOB GUARDIAN MULTIESTRATÉGIA I,"R$ 9,19","R$ 9,34","8,20","9,68","-2,85","-2,85",Outros,Outros
150,GCFF11,GALAPAGOS FDO DE FDO - FII FDO INV. IMOB.,"R$ 68,33","R$ 69,39","64,87","72,99","-4,79","-4,79",Títulos e Valores Mobiliários,Títulos e Valores Mobiliários
151,GCOI11,GALAPAGOS SPECIAL OPORTUNITIES FII,"R$ 98,99","R$ 98,99","98,99","98,99","0,00","0,00",Híbrido,Híbrido
152,GCRI11,GALAPAGOS RECEBÍVEIS IMOBILIÁRIOS,"R$ 89,00","R$ 89,86","87,74","95,13","-5,96","-5,96",Títulos e Valores Mobiliários,Títulos e Valores Mobiliários
153,GESE11B,FDO INV IMOB GENERAL SEVERIANO,"R$ 4,38","R$ 4,38",-,-,-,-,Outros,Outros
154,GGRC11,GGR COVEPI RENDA,"R$ 116,35","R$ 118,90","98,30","124,95","-0,88","-0,88",Logística,Logística
155,GLOG11,PLURAL LOGÍSTICA FDO. INV. IMOB.,"R$ 68,02","R$ 68,95","66,05","81,47","-10,76","-10,76",Logística,Logística
156,GLPL11,GLP LOGÍSTICA,R$ -,R$ -,-,-,-,-,,
157,GRLV11,CSHG GR LOUVEIRA,"R$ 97,61","R$ 104,84",-,-,-,-,Logística,Logística
158,GSFI11,GENERAL SHOP E OUTLETS DO BRASIL FDO INV IMOB,"R$ 7,88","R$ 7,90","4,50","7,90","75,11","75,11",Shoppings,Shoppings
159,GTLG11,GTIS BRAZIL LOGISTICS,"R$ 62,61","R$ 66,00","62,61","100,00","-34,70","-34,70",Logística,Logística
160,GTWR11,FDO INV IMOB GREEN TOWERS,"R$ 84,23","R$ 86,44","72,33","87,29","2,98","2,98",Lajes Corporativas,Lajes Corporativas
161,GURB11,GENIAL RENDA URBANA FDO DE INV IMOB,"R$ 103,30","R$ 105,00","100,00","105,00","5,00","5,00",Híbrido,Híbrido
162,GVBI11,FUNDO DE INVESTIMENTO IMOBILIÁRIO – VBI GREENPOWER,R$ -,R$ -,-,-,-,-,,
163,GZIT11,GAZIT MALLS FUNDO DE INVESTIMENTO IMOBILIÁRIO,R$ -,R$ -,-,-,-,-,Híbrido,Híbrido
164,HAAA11,HEDGE AAA,"R$ 58,00","R$ 59,70","58,00","96,39","-36,96","-36,96",Lajes Corporativas,Lajes Corporativas
165,HABT11,HABITAT II - FDO INV IMOB,"R$ 93,21","R$ 95,59","82,46","97,96","-1,71","-1,71",Títulos e Valores Mobiliários,Títulos e Valores Mobiliários
166,HBCR11,HBC RENDA URBANA,"R$ 114,62","R$ 116,00","109,30","120,62","4,50","4,50",Outros,Outros
167,HBRH11,FDO.INVEST. IMOB. MULTI RENDA URBANA,"R$ 93,00","R$ 94,00","84,97","97,80","-2,27","-2,27",Híbrido,Híbrido
168,HBTT11,HABITAT I,"R$ 945,00","R$ 1.069,68",-,-,-,-,Títulos e Valores Mobiliários,Títulos e Valores Mobiliários
169,HCHG11,HECTARE RECEBÍVEIS HIGH GRADE,"R$ 79,00","R$ 79,95","77,00","88,90","-6,23","-6,23",Outros,Outros
170,HCPR11,HECTARE PROPERTIES FDO DE INV IMOB - FII,R$ -,R$ -,-,-,-,-,,
171,HCRI11,HOSPITAL DA CRIANÇA,"R$ 295,00","R$ 299,92","213,50","305,00","18,98","18,98",Hospital,Hospital
172,HCST11,HECTARE DESENV. STUDENT HOUSING,"R$ 50,01","R$ 54,00","50,00","79,01","-36,59","-36,59",Residencial,Residencial
173,HCTR11,HECTARE CE - FDO INV IMOB,"R$ 30,03","R$ 46,29","30,03","107,17","-71,98","-71,98",Títulos e Valores Mobiliários,Títulos e Valores Mobiliários
174,HDEL11,HEDGE DESENVOLVIMENTO LOGÍSTICO FDO INV IMOB,"R$ 106,09","R$ 106,09","101,50","106,09","4,52","4,52",Logística,Logística
175,HDOF11,HEDGE DESENVOLVIMENTO LOGÍSTICO FDO INV IMOB,"R$ 115,00","R$ 115,00","115,00","130,00","-11,54","-11,54",Lajes Corporativas,Lajes Corporativas
176,HFOF11,HEDGE TOP FOFII 3,"R$ 79,01","R$ 80,00","64,21","84,92","3,34","3,34",Títulos e Valores Mobiliários,Títulos e Valores Mobiliários
177,HGBS11,CSHG BRASIL SHOPPING,"R$ 229,00","R$ 231,00","176,54","233,00","9,65","9,65",Shoppings,Shoppings
178,HGCR11,CGHG RECEBÍVEIS IMOBILIÁRIOS,"R$ 105,77","R$ 106,99","98,30","107,89","2,04","2,04",Títulos e Valores Mobiliários,Títulos e Valores Mobiliários
179,HGFF11,CSHG IMOB. FOF - FDO INV. IMOB. - FII,"R$ 88,30","R$ 90,69","67,31","90,81","13,94","13,94",Títulos e Valores Mobiliários,Títulos e Valores Mobiliários
180,HGIC11,HGI CRÉDITOS IMOBILIÁRIOS,"R$ 105,01","R$ 111,97","88,00","111,97","1,51","1,51",Títulos e Valores Mobiliários,Títulos e Valores Mobiliários
181,HGLG11,CGHG LOGÍSTICA,"R$ 160,83","R$ 161,40","158,23","174,00","-3,66","-3,66",Logística,Logística
182,HGPO11,CSHG PRIME OFFICES FDO INV IMOB,"R$ 271,12","R$ 279,18","238,00","297,00","4,25","4,25",Lajes Corporativas,Lajes Corporativas
183,HGRE11,CSHG REAL ESTATE,"R$ 135,00","R$ 138,72","107,39","144,12","-1,87","-1,87",Lajes Corporativas,Lajes Corporativas
184,HGRS11,CSHG RESIDENCIAL FDO DE INV IMOB,R$ -,R$ -,-,-,-,-,Residencial,Residencial
185,HGRU11,CSHG RENDA URBANA,"R$ 131,30","R$ 136,00","114,30","136,00","6,38","6,38",Híbrido,Híbrido
186,HILG11,HIRE LOG I FDO DE INV IMOB,R$ -,R$ -,-,-,-,-,Outros,Outros
187,HLOG11,HEDGE LOGÍSTICA FDO. INV. IMOB.,"R$ 92,00","R$ 93,47","81,00","99,69","-4,91","-4,91",Logística,Logística
188,HMOC11,HEDGE SHOPPING PRAÇA DA MOÇA,"R$ 32,88","R$ 32,88",-,-,-,-,Shoppings,Shoppings
189,HOFC11,HEDGE OFFICE INCOME FUNDO DE INVESTIMENTO IMOB,"R$ 23,28","R$ 23,70","23,08","45,38","-43,70","-43,70",Lajes Corporativas,Lajes Corporativas
190,HOSI11,FDO. INV. IMOB. HOUSI,"R$ 66,20","R$ 68,99","52,50","71,95","2,73","2,73",Híbrido,Híbrido
191,HPDP11,HEDGE SHOPPING PARQUE DOM PEDRO,"R$ 82,01","R$ 84,26","64,05","88,97","1,38","1,38",Shoppings,Shoppings
192,HRDF11,HEDGE REALTY DEVELOPMENT FDO INV IMOB,"R$ 4,10","R$ 4,50","0,81","5,47","313,21","313,21",Híbrido,Híbrido
193,HREC11,HEDGE RECEBIVEIS IMOB,"R$ 83,99","R$ 84,29","74,86","95,04","-10,25","-10,25",Títulos e Valores Mobiliários,Títulos e Valores Mobiliários
194,HSAF11,HSI ATIVOS FINANCEIROS,"R$ 84,35","R$ 86,61","75,76","90,95","1,25","1,25",Títulos e Valores Mobiliários,Títulos e Valores Mobiliários
195,HSLG11,HSI LOGÍSTICA,"R$ 92,84","R$ 96,31","74,10","100,00","-1,62","-1,62",Logística,Logística
196,HSML11,HSI MALL FDO INV IMOB,"R$ 93,94","R$ 95,75","74,09","96,92","5,01","5,01",Shoppings,Shoppings
197,HSRE11,HSI RENDA IMOB,"R$ 102,57","R$ 116,92","100,30","116,92","15,76","15,76",Híbrido,Híbrido
198,HTMX11,HOTEL MAXINVEST,"R$ 137,68","R$ 143,63","99,01","143,63","22,98","22,98",Hotel,Hotel
199,HUCG11,FDO INV IMOB HOSPITAL UNIMED CAMPINA GRANDE,"R$ 95,00","R$ 101,99","65,00","102,98","-1,30","-1,30",Hospital,Hospital
200,HUSC11,HOSPITAL UNIMED SUL CAPIXABA,"R$ 110,00","R$ 119,90","91,99","119,90","1,36","1,36",Outros,Outros
201,HUSI11,HUSI FDO INV. IMOB.,"R$ 1.159,53","R$ 1.159,53","691,00","1.160,00","5,60","5,60",Hospital,Hospital
202,IBCR11,FDO DE INV IMOBILIÁRIO DE CRI INTEGRAL BREI,"R$ 75,85","R$ 76,90","68,50","91,15","-15,99","-15,99",Títulos e Valores Mobiliários,Títulos e Valores Mobiliários
203,IBFF11,FDO INV. IMOB. FOF INTEGRAL BREI,"R$ 64,70","R$ 67,10",-,-,-,-,Títulos e Valores Mobiliários,Títulos e Valores Mobiliários
204,IDFI11,FDO INV IMOBILIÁRIO DE UNIDADES AUTÔNOMAS,"R$ 28,43","R$ 33,26","28,43","69,74","-57,03","-57,03",Híbrido,Híbrido
205,IRDM11,IRIDIUM RECEBÍVEIS IMOBILIÁRIOS,"R$ 79,30","R$ 83,97","77,00","103,50","-22,14","-22,14",Títulos e Valores Mobiliários,Títulos e Valores Mobiliários
206,IRIM11,IRIDIUM FUNDO DE INVESTIMENTO IMOBILIÁRIO,"R$ 89,00","R$ 93,23","83,99","103,97","-14,40","-14,40",Híbrido,Híbrido
207,ITIP11,INTER TEVA INDICE DE PAPEL FUNDO DE INVESTIMENTO,"R$ 77,34","R$ 79,19","70,36","83,44","-5,41","-5,41",Títulos e Valores Mobiliários,Títulos e Valores Mobiliários
208,ITIT11,INTER TEVE INDICE DE TIJOLO FUNDO DE INVESTIMENTO,"R$ 78,61","R$ 80,19","70,49","82,59","3,64","3,64",Títulos e Valores Mobiliários,Títulos e Valores Mobiliários
209,JASC11,JASC RENDA VAREJO ESSENCIAL FDO DE INV IMOB,"R$ 100,00","R$ 100,00","100,00","101,00","0,00","0,00",Outros,Outros
210,JBFO11,JBFO FOF FDO INV. IMOB.,"R$ 87,00","R$ 87,00","87,00","92,56","-6,01","-6,01",Títulos e Valores Mobiliários,Títulos e Valores Mobiliários
211,JCDA11,JACARANDÁ I FUNDO DE INVESTIMENTO IMOBILIÁRIO,R$ -,R$ -,-,-,-,-,Híbrido,Híbrido
212,JCDB11,JACARANDÁ 02 FUNDO DE INVESTIMENTO IMOBILIÁRIO FII,R$ -,R$ -,-,-,-,-,Híbrido,Híbrido
213,JFLL11,JFL LIVING FDO. INV. IMOB.,"R$ 72,23","R$ 74,60","56,15","80,39","-1,00","-1,00",Residencial,Residencial
214,JPPA11,JPP ALLOCATION MOGNO - FDO INV IMOB,"R$ 99,51","R$ 100,93","90,47","109,30","-4,53","-4,53",Híbrido,Híbrido
215,JPPC11,JPP CAPITAL,"R$ 199,99","R$ 200,00","110,00","200,00","0,01","0,01",Híbrido,Híbrido
216,JRDM11,SHOPPING JARDIM SUL,"R$ 85,90","R$ 85,90","76,56","87,93","1,92","1,92",Shoppings,Shoppings
217,JSAF11,JS ATIVOS FINANCEIROS,"R$ 96,50","R$ 101,59","76,14","101,59","13,17","13,17",Títulos e Valores Mobiliários,Títulos e Valores Mobiliários
218,JSRE11,JS REAL ESTATE MULTIGESTÃO,"R$ 75,70","R$ 77,28","61,00","88,40","-9,21","-9,21",Híbrido,Híbrido
219,JTPR11,JT PREV FII DESENVOLVIMENTO HABITACIONAL,"R$ 2.478,02","R$ 2.686,00",-,-,-,-,Residencial,Residencial
220,KCRE11,KINEA CREDITAS FDO DE INV IMOBILIÁRIO,"R$ 96,17","R$ 98,37","85,50","99,17","3,65","3,65",Títulos e Valores Mobiliários,Títulos e Valores Mobiliários
221,KEVE11,EVEN II KINEA,"R$ 1.036,05","R$ 1.100,00","960,00","1.100,00","1,57","1,57",Residencial,Residencial
222,KFOF11,FUNDO DE FDO INV IMOB KINEA FII,"R$ 96,36","R$ 98,25","73,05","106,51","12,29","12,29",Títulos e Valores Mobiliários,Títulos e Valores Mobiliários
223,KINP11,EVEN PERMUTA KINEA,"R$ 9,82","R$ 10,25","7,91","17,00","-34,53","-34,53",Residencial,Residencial
224,KISU11,KILIMA FIC FDO. IMOB. SUNO 30,"R$ 8,62","R$ 8,71","7,58","8,89","2,98","2,98",Títulos e Valores Mobiliários,Títulos e Valores Mobiliários
225,KIVO11,KILIMA VOLKANO RECEBÍVEIS IMOB FDO DE INV IMOB,"R$ 92,00","R$ 92,50","80,66","101,00","-8,59","-8,59",Títulos e Valores Mobiliários,Títulos e Valores Mobiliários
226,KNCR11,KINEA RENDIMENTOS IMOBILIÁRIOS,"R$ 98,16","R$ 99,10","93,00","102,40","-1,35","-1,35",Títulos e Valores Mobiliários,Títulos e Valores Mobiliários
227,KNHF11,KINEA HEDGE FUND FDO DE INV IMOB,"R$ 102,52","R$ 104,80","102,52","104,80","0,60","0,60",Híbrido,Híbrido
228,KNHY11,KINEA HIGH YIELD CRI,"R$ 100,84","R$ 103,00","93,21","103,00","6,19","6,19",Títulos e Valores Mobiliários,Títulos e Valores Mobiliários
229,KNIP11,KINEA ÍNDICE DE PREÇOS,"R$ 92,26","R$ 92,75","88,40","95,90","0,57","0,57",Títulos e Valores Mobiliários,Títulos e Valores Mobiliários
230,KNPR11,KINEA PREMIUM PROPERTIES FDO INV IMOB,R$ -,R$ -,-,-,-,-,Títulos e Valores Mobiliários,Títulos e Valores Mobiliários
231,KNRE11,KINEA II REAL ESTATE EQUITY,"R$ 0,54","R$ 0,57","0,47","1,08","-43,16","-43,16",Residencial,Residencial
232,KNRI11,KINEA RENDA IMOBILIÁRIA,"R$ 159,89","R$ 164,05","134,50","164,05","8,98","8,98",Híbrido,Híbrido
233,KNSC11,KINEA SECURITIES FDO. DE INV. IMOB. - FII,"R$ 89,25","R$ 90,88","83,42","91,00","4,66","4,66",Títulos e Valores Mobiliários,Títulos e Valores Mobiliários
234,KNUQ11,KINEA UNIQUE HY CDI FUNDO DE INVESTIMENTO IMOB,R$ -,R$ -,-,-,-,-,Títulos e Valores Mobiliários,Títulos e Valores Mobiliários
235,LASC11,LEGATUS SHOPPINGS FDO. INV. IMOB. - FII,"R$ 102,39","R$ 103,39","90,76","106,99","11,41","11,41",Shoppings,Shoppings
236,LATR11B,LATERES,"R$ 9,50","R$ 9,51","9,50","16,00","-40,38","-40,38",Residencial,Residencial
237,LAVF11,LAVOURA FUNDO DE INVESTIMENTO IMOBILIÁRIO,R$ -,R$ -,-,-,-,-,Híbrido,Híbrido
238,LFTT11,LOFT II FUNDO DE INVESTIMENTO IMOBILIÁRIO,"R$ 45,37","R$ 47,50","45,10","92,63","-49,80","-49,80",Residencial,Residencial
239,LGCP11,LOGCP INTER FDO INV IMOB,"R$ 85,70","R$ 87,20","71,44","89,95","0,74","0,74",Logística,Logística
240,LIFE11,LIFE CAPITAL PARTNERS FUNDO DE INVESTIMENTO IMOB,"R$ 9,90","R$ 10,25","9,50","10,99","-2,17","-2,17",Outros,Outros
241,LKDV11,FUNDO DE INVESTIMENTO IMOBILIÁRIO DEVELOPMENT,"R$ 997,23","R$ 997,23","969,58","997,23","2,85","2,85",Híbrido,Híbrido
242,LLAO11,BS2 ALLINVESTMENTS FDO DE INV IMOB,R$ -,R$ -,-,-,-,-,Híbrido,Híbrido
243,LOFT11B,LOFT I - FDO INV IMOB,"R$ 29,90","R$ 29,90",-,-,-,-,Residencial,Residencial
244,LPLP11,LAGO DA PEDRA,R$ -,R$ -,-,-,-,-,Residencial,Residencial
245,LRDI11,FDO DE INV IMOB LEBLON REALTY DESENVOLVIMENTO I,R$ -,R$ -,-,-,-,-,Híbrido,Híbrido
246,LSPA11,LESTE RIVA EQUITY PREFERENCIAL I,"R$ 102,00","R$ 102,00","101,30","107,70","-4,98","-4,98",Outros,Outros
247,LUGG11,LUGGO FDO. INV. IMOB.,"R$ 88,25","R$ 90,00","69,99","92,70","13,11","13,11",Residencial,Residencial
248,LVBI11,FDO INV IMOB - VBI LOGÍSTICO,"R$ 116,40","R$ 118,27","92,32","119,60","3,80","3,80",Logística,Logística
249,MADS11,MAUÁ CAPITAL DESENV I,R$ -,R$ -,-,-,-,-,,
250,MALL11,MALLS BRASIL PLURAL,"R$ 114,96","R$ 117,69","97,02","119,69","8,67","8,67",Shoppings,Shoppings
251,MANA11,MANATÍ CAPITAL HEDGE FUND FDO INV IMOB,"R$ 9,50","R$ 9,79","9,23","10,40","-6,91","-6,91",Títulos e Valores Mobiliários,Títulos e Valores Mobiliários
252,MATV11,MORE GESTÃO ATIVA,"R$ 83,30","R$ 86,70","71,90","95,99","-9,57","-9,57",Títulos e Valores Mobiliários,Títulos e Valores Mobiliários
253,MAXR11,MAX RETAIL,"R$ 73,29","R$ 74,25","54,83","86,70","-12,83","-12,83",Híbrido,Híbrido
254,MCCI11,FDO INV. MAUA CAPITAL RECEBIVEIS IMOB. - FII,"R$ 93,20","R$ 96,78","83,19","98,00","-3,37","-3,37",Títulos e Valores Mobiliários,Títulos e Valores Mobiliários
255,MCHF11,MAUÁ CAPITAL HEDGE FUND,"R$ 9,17","R$ 9,37","8,07","9,60","-0,86","-0,86",Títulos e Valores Mobiliários,Títulos e Valores Mobiliários
256,MCHY11,FDO DE INV IMOB MAUÁ CAPITAL HIGH YIELD - FII,"R$ 109,96","R$ 111,32","102,27","119,99","-1,06","-1,06",Títulos e Valores Mobiliários,Títulos e Valores Mobiliários
257,MFAI11,MERITO FDO. AÇÕES IMOB. FII - FDO INV. IMOB.,"R$ 65,98","R$ 67,07","53,51","71,90","-0,42","-0,42",Híbrido,Híbrido
258,MFCR11,MÉRITO RECEBÍVEIS IMOBILIÁRIOS FII,"R$ 103,18","R$ 103,90","99,00","104,00","0,98","0,98",Híbrido,Híbrido
259,MFII11,MÉRITO DESENVOLVIMENTO IMOBILIÁRIO,"R$ 94,00","R$ 94,46","87,03","98,90","-2,19","-2,19",Híbrido,Híbrido
260,MGCR11,MOGNO CRI HIGH GRADE,"R$ 9,40","R$ 9,40","8,17","9,57","1,18","1,18",Títulos e Valores Mobiliários,Títulos e Valores Mobiliários
261,MGFF11,MOGNO FUNDO DE FUNDOS,"R$ 67,27","R$ 68,45","52,07","70,63","1,14","1,14",Títulos e Valores Mobiliários,Títulos e Valores Mobiliários
262,MGHT11,FDO. INV. IMOB. MOGNO HOTEIS,"R$ 62,00","R$ 65,00","53,00","70,29","-8,03","-8,03",Híbrido,Híbrido
263,MGIM11,MOGNO REAL ESTATE IMPACT DEV. FUND,"R$ 100,01","R$ 104,50",-,-,-,-,Híbrido,Híbrido
264,MGLC11,MOGNO PROPERTIES,R$ -,R$ -,-,-,-,-,,
265,MGRI11,MOGNO PROPERTIES FUNDO DE INVESTIMENTO IMOBILIARIO,R$ -,R$ -,-,-,-,-,Títulos e Valores Mobiliários,Títulos e Valores Mobiliários
266,MINT11,MINT EDUCACIONAL,"R$ 101,80","R$ 102,00","96,00","119,90","2,96","2,96",Outros,Outros
267,MMPD11,FDO DE INV IMOB MAUA CAPITAL MPD DESENV RESID,R$ -,R$ -,-,-,-,-,Outros,Outros
268,MMVE11,MMVE OPORTUNIDADES IMOBILIÁRIAS,"R$ 161,87","R$ 161,87","161,87","165,83","-1,21","-1,21",Híbrido,Híbrido
269,MOFF11,MULTIOFFICES 2 - FDO. INV. IMOB.,R$ -,R$ -,-,-,-,-,Híbrido,Híbrido
270,MORC11,MORE RECEBÍVEIS IMOBILIÁRIOS FII,"R$ 91,31","R$ 92,16","84,71","96,96","-3,64","-3,64",Títulos e Valores Mobiliários,Títulos e Valores Mobiliários
271,MORE11,MORE REAL ESTATE FOF FII FDO. INV. IMOB.,"R$ 76,17","R$ 77,28","59,20","77,28","2,32","2,32",Títulos e Valores Mobiliários,Títulos e Valores Mobiliários
272,MTOF11,MULTIOFFICES 1,R$ -,R$ -,-,-,-,-,Híbrido,Híbrido
273,MTRS11,FDO INV IMOB - BTG PACTUAL METROPOLIS,R$ -,R$ -,-,-,-,-,,
274,MVFI11,FDO INV IMOB MV9,R$ -,R$ -,-,-,-,-,Híbrido,Híbrido
275,MXRF11,MAXI RENDA,"R$ 10,76","R$ 11,07","9,72","11,07","8,74","8,74",Híbrido,Híbrido
276,NAVT11,NAVI IMOBILIÁRIO TOTAL RETURN,"R$ 88,64","R$ 91,99","69,31","92,97","16,80","16,80",Títulos e Valores Mobiliários,Títulos e Valores Mobiliários
277,NCHB11,FII NCH BRASIL RECEBÍVEIS IMOBILIÁRIOS,"R$ 82,31","R$ 84,01","75,99","94,70","-11,26","-11,26",Títulos e Valores Mobiliários,Títulos e Valores Mobiliários
278,NCRI11,NAVI CRÉDITO IMOBILIÁRIO,"R$ 8,93","R$ 9,12","8,04","10,00","-10,50","-10,50",Títulos e Valores Mobiliários,Títulos e Valores Mobiliários
279,NEWL11,NEWPORT LOGÍSTICA,"R$ 103,98","R$ 107,00","91,88","115,00","2,49","2,49",Híbrido,Híbrido
280,NEWU11,NEWPORT RENDA URBANA FDO INV IMOB,"R$ 73,01","R$ 73,10","34,48","74,15","112,01","112,01",Híbrido,Híbrido
281,NPAR11,NESTPAR,"R$ 12,50","R$ 13,00",-,-,-,-,Outros,Outros
282,NSLU11,HOSPITAL NOSSA SRA LOURDES,"R$ 185,00","R$ 195,98","157,78","198,00","7,60","7,60",Hospital,Hospital
283,NVHO11,NOVO HORIZONTE,"R$ 10,42","R$ 11,00","9,50","12,54","6,66","6,66",Hospital,Hospital
284,NVIF11B,FII NOVA I,"R$ 227,50","R$ 229,00",-,-,-,-,Híbrido,Híbrido
285,OGHY11,ÓRAMA HIGH YIELD FDO INV IMOB,"R$ 10,21","R$ 10,30","9,95","10,39","1,09","1,09",Títulos e Valores Mobiliários,Títulos e Valores Mobiliários
286,ONEF11,THE ONE,"R$ 199,64","R$ 204,00","162,00","204,00","16,96","16,96",Lajes Corporativas,Lajes Corporativas
287,ORPD11,OURO PRETO DESENVOLVIMENTO IMOBILIÁRIO I,"R$ 93,00","R$ 96,00",-,-,-,-,Títulos e Valores Mobiliários,Títulos e Valores Mobiliários
288,OUFF11,FDO INV IMOB - OURINVEST FUNDO DE FUNDOS,"R$ 73,14","R$ 74,00","59,37","74,13","9,88","9,88",Títulos e Valores Mobiliários,Títulos e Valores Mobiliários
289,OUJP11,OURINVEST JPP,"R$ 100,26","R$ 101,47","89,50","102,45","5,54","5,54",Híbrido,Híbrido
290,OULG11,FDO INV IMOB OURINVEST LOGÍSTICA,"R$ 41,09","R$ 41,65","35,05","48,02","-9,09","-9,09",Logística,Logística
291,OURE11,OURINVEST CYRELA,"R$ 81,50","R$ 82,94","71,12","85,98","-1,67","-1,67",Híbrido,Híbrido
292,PABY11,PANAMBY,"R$ 23,89","R$ 24,33","7,25","28,48","187,89","187,89",Híbrido,Híbrido
293,PATB11,FDO INV IMOB - FII PATEO BANDEIRANTES,R$ -,R$ -,-,-,-,-,Híbrido,Híbrido
294,PATC11,PÁTRIA EDIFÍCIOS CORPORATIVOS FDO INV IMOB,"R$ 70,88","R$ 72,00","62,49","76,35","-1,46","-1,46",Lajes Corporativas,Lajes Corporativas
295,PATL11,PÁTRIA LOGÍSTICA,"R$ 70,64","R$ 74,50","59,18","85,00","-13,55","-13,55",Logística,Logística
296,PBLV11,PROLOGIS BRAZIL LOGISTICS VENTURE FDO INV IMOB,"R$ 926,98","R$ 926,98",-,-,-,-,Logística,Logística
297,PCAS11,PRAIA DO CASTELO FUNDO DE INVESTIMENTO IMOBILIÁRIO,R$ -,R$ -,-,-,-,-,Outros,Outros
298,PEMA11,PERFORMA REAL ESTATE,"R$ 37,00","R$ 47,99","29,47","61,93","-36,25","-36,25",Títulos e Valores Mobiliários,Títulos e Valores Mobiliários
299,PLCR11,FDO INV. IMOB. PLURAL RECEBIVEIS,"R$ 90,30","R$ 91,80","82,22","92,00","6,42","6,42",Títulos e Valores Mobiliários,Títulos e Valores Mobiliários
300,PLRI11,POLO RECEBÍVEIS IMOBILIÁRIOS I,"R$ 17,70","R$ 18,19","17,45","27,31","-30,37","-30,37",Títulos e Valores Mobiliários,Títulos e Valores Mobiliários
301,PNDL11,PANORAMA DESENVOLVIMENTO LOGÍSTICO,"R$ 1.291,99","R$ 1.295,00","1.211,99","1.298,99","6,23","6,23",Títulos e Valores Mobiliários,Títulos e Valores Mobiliários
302,PNLN11,PANORAMA LAST MILE SBC FDO INV IMOB,R$ -,R$ -,-,-,-,-,Híbrido,Híbrido
303,PNPR11,PANORAMA PROPERTIES FDO. INVEST. IMOB.,"R$ 100,00","R$ 100,00","100,00","100,00","0,00","0,00",Híbrido,Híbrido
304,PNRC11,PANORAMA REAL ESTATE CRÉDITO FDO INV IMOB,"R$ 101,69","R$ 101,69","101,09","101,69","0,59","0,59",Híbrido,Híbrido
305,PORD11,POLO RECEBÍVEIS IMOBILIÁRIOS II,"R$ 89,85","R$ 90,50","81,65","97,10","-6,70","-6,70",Títulos e Valores Mobiliários,Títulos e Valores Mobiliários
306,PQAG11,PARQUE ANHANGUERA FDO. INVEST. IMOB.,"R$ 56,48","R$ 56,99","49,11","58,89","1,73","1,73",Logística,Logística
307,PQDP11,PARQUE DOM PEDRO SHOPPING CENTER,"R$ 1.922,00","R$ 1.974,99","1.597,56","2.372,00","-15,36","-15,36",Shoppings,Shoppings
308,PRSN11B,LATERES,"R$ 1,21","R$ 1,37","0,80","3,00","54,12","54,12",Residencial,Residencial
309,PRSV11,PRESIDENTE VARGAS,"R$ 83,21","R$ 85,27","83,00","147,00","-26,36","-26,36",Lajes Corporativas,Lajes Corporativas
310,PRTS11,MULTI PROPERTIES FII,"R$ 115,38","R$ 118,01",-,-,-,-,Híbrido,Híbrido
311,PRZS11,PRAZO - FUNDO DE INVESTIMENTO IMOBILIÁRIO,R$ -,R$ -,-,-,-,-,Híbrido,Híbrido
312,PVBI11,FDO. INV. IMOB. VBI PRIME PROPERTIES,"R$ 102,94","R$ 106,50","85,00","106,50","8,95","8,95",Lajes Corporativas,Lajes Corporativas
313,QAGR11,QUASAR AGRO - FDO INV. IMOB.,"R$ 50,41","R$ 51,50","40,96","51,54","7,96","7,96",Outros,Outros
314,QAMI11,QUASAR CRÉDITO IMOBILIÁRIO,"R$ 76,00","R$ 79,71","72,60","87,50","-12,45","-12,45",Híbrido,Híbrido
315,QIRI11,QUATA IMOB RECEBÍVEIS IMOB,"R$ 75,05","R$ 79,97",-,-,-,-,Títulos e Valores Mobiliários,Títulos e Valores Mobiliários
316,RBBV11,JHSF RIO BRAVO FAZENDA BOA VISTA,"R$ 98,50","R$ 100,00",-,-,-,-,Títulos e Valores Mobiliários,Títulos e Valores Mobiliários
317,RBCB11,RIO BRAVO CRÉDITO IMOBILIÁRIO I,"R$ 19,00","R$ 21,00",-,-,-,-,Outros,Outros
318,RBDS11,RB CAPITAL DESENVOLVIMENTO RESIDENCIAL II,"R$ 2,60","R$ 3,00","2,22","4,00","-19,95","-19,95",Residencial,Residencial
319,RBED11,RIO BRAVO RENDA EDUCACIONAL,"R$ 133,25","R$ 138,69","116,00","141,50","2,85","2,85",Outros,Outros
320,RBFF11,RIO BRAVO IFIX FDO INV IMOB,"R$ 60,56","R$ 61,38","45,70","62,53","8,29","8,29",Títulos e Valores Mobiliários,Títulos e Valores Mobiliários
321,RBGS11,RB CAPITAL GENERAL SHOPPING SULACAP,"R$ 26,60","R$ 28,45",-,-,-,-,Shoppings,Shoppings
322,RBHG11,RIO BRAVO CREDITO IMOB HIGH GRADE,"R$ 88,47","R$ 89,42","79,99","90,48","1,64","1,64",Títulos e Valores Mobiliários,Títulos e Valores Mobiliários
323,RBHY11,RIO BRAVO CRÉDITO IMOB. HIGH YIELD,"R$ 95,00","R$ 96,50","89,51","100,00","0,20","0,20",Títulos e Valores Mobiliários,Títulos e Valores Mobiliários
324,RBIR11,RB CAPITAL DESENV. RESIDENCIAL IV,"R$ 84,10","R$ 86,40","58,00","87,00","24,65","24,65",Residencial,Residencial
325,RBLG11,RB CAPITAL LOGÍSTICO,"R$ 100,50","R$ 102,00","83,01","107,99","3,10","3,10",Logística,Logística
326,RBOP11,RIO BRAVO OPORTUNIDADES IMOBILIÁRIAS FII,"R$ 294,00","R$ 312,01","257,01","686,78","-56,05","-56,05",Outros,Outros
327,RBRD11,RB CAPITAL RENDA II,"R$ 36,33","R$ 39,94","32,55","41,50","-2,65","-2,65",Híbrido,Híbrido
328,RBRF11,RBR ALPHA MULTIESTRATÉGIA REAL ESTATE,"R$ 81,68","R$ 87,15","62,00","88,30","9,07","9,07",Títulos e Valores Mobiliários,Títulos e Valores Mobiliários
329,RBRI11,FII RBR DESENV,"R$ 915,00","R$ 915,00","913,00","999,89","-3,68","-3,68",Híbrido,Híbrido
330,RBRL11,RBR LOG FUNDO DE INVESTIMENTO IMOBILIÁRIO,"R$ 87,40","R$ 91,93","69,25","96,83","-3,19","-3,19",Logística,Logística
331,RBRM11,FDO INV IMOB - FII RBR DESENVOLVIMENTO,"R$ 94.794,81","R$ 94.794,81",-,-,-,-,Títulos e Valores Mobiliários,Títulos e Valores Mobiliários
332,RBRP11,RBR PROPERTIES,"R$ 57,91","R$ 59,66","43,40","63,58","0,68","0,68",Outros,Outros
333,RBRR11,RBR RENDIMENTO HIGH GRADE,"R$ 89,30","R$ 91,89","80,54","96,95","-7,71","-7,71",Títulos e Valores Mobiliários,Títulos e Valores Mobiliários
334,RBRS11,RIO BRAVO RENDA RESIDENCIAL FDO. INVEST. IMOB.,"R$ 53,91","R$ 57,00","49,25","66,58","-15,14","-15,14",Híbrido,Híbrido
335,RBRU11,RB CAPITAL RENDA URBANA,R$ -,R$ -,-,-,-,-,,
336,RBRX11,RBR PLUS MULTIESTRATÉGIA REAL ESTATE FII,"R$ 92,16","R$ 93,66","79,72","96,68","-4,68","-4,68",Títulos e Valores Mobiliários,Títulos e Valores Mobiliários
337,RBRY11,FDO INV IMOB RBR PRIVATE CRÉDITO IMOB,"R$ 99,86","R$ 101,94","90,31","103,60","-3,61","-3,61",Títulos e Valores Mobiliários,Títulos e Valores Mobiliários
338,RBTS11,RB CAPITAL TFO SITUS FDO INV IMOB - FII,"R$ 1.111,00","R$ 1.111,00","1.049,98","1.121,00","5,81","5,81",Outros,Outros
339,RBVA11,RIO BRAVO RENDA VAREJO,"R$ 109,51","R$ 111,89","90,21","112,43","13,17","13,17",Outros,Outros
340,RBVO11,RIO BRAVO CRÉDITO IMOBILIÁRIO II,"R$ 8,14","R$ 8,65","7,90","11,72","-23,57","-23,57",,
341,RCFA11,GRUPO RCFA FDO INV IMOB,"R$ 2,00","R$ 2,10","2,00","4,08","-48,64","-48,64",Híbrido,Híbrido
342,RCFF11,RBR DESENV COMERCIAL FEEDER,"R$ 83,00","R$ 85,01","83,00","110,50","-14,42","-14,42",Títulos e Valores Mobiliários,Títulos e Valores Mobiliários
343,RCKF11,ROCK – FII FUNDO DE INVESTIMENTO IMOBILIÁRIO,R$ -,R$ -,-,-,-,-,,
344,RCRB11,FDO INV IMOB RIO BRAVO RENDA CORPORATIVA,"R$ 149,02","R$ 152,40","107,72","157,79","8,14","8,14",Lajes Corporativas,Lajes Corporativas
345,RCRI11B,RB CAPITAL RENDIMENTOS IMOB FDO INV IMOB,"R$ 1.200,00","R$ 1.200,00",-,-,-,-,Híbrido,Híbrido
346,RECH11,REC HOTELARIA,R$ -,R$ -,-,-,-,-,,
347,RECR11,FII REC RECEBÍVEIS IMOBILIÁRIOS,"R$ 88,41","R$ 89,97","76,34","93,79","-2,02","-2,02",Títulos e Valores Mobiliários,Títulos e Valores Mobiliários
348,RECT11,FDO INV IMOB - FII UBS (BR) OFFICE,"R$ 45,18","R$ 49,10","45,18","64,12","-29,54","-29,54",Híbrido,Híbrido
349,RECX11,FDO. INV. IMOB. REC FUNDO DE FUNDOS,"R$ 68,30","R$ 70,00","61,30","78,49","-12,33","-12,33",Títulos e Valores Mobiliários,Títulos e Valores Mobiliários
350,REIT11,SOCOPA FUNDO DE INVESTIMENTO IMOBILIÁRIO,"R$ 190,00","R$ 190,00","169,20","468,49","-59,44","-59,44",Títulos e Valores Mobiliários,Títulos e Valores Mobiliários
351,RELG11,REC LOGISTICA,"R$ 54,58","R$ 58,03","46,51","86,00","-36,12","-36,12",Híbrido,Híbrido
352,RFOF11,RB CAPITAL,"R$ 80,09","R$ 81,37","64,11","81,67","7,60","7,60",Títulos e Valores Mobiliários,Títulos e Valores Mobiliários
353,RINV11,REAL INVESTOR FUNDO DE INVESTIMENTO IMOBILIÁRIO,"R$ 110,04","R$ 111,45","94,50","111,45","12,36","12,36",Títulos e Valores Mobiliários,Títulos e Valores Mobiliários
354,RMAI11,REAG MULTI ATIVOS IMOBILIÁRIOS,"R$ 50,99","R$ 51,74","38,29","59,99","20,03","20,03",Híbrido,Híbrido
355,RNDP11,BB RENDA DE PAPÉIS IMOBILIÁRIOS,"R$ 137,94","R$ 153,98","105,00","299,95","-46,90","-46,90",Títulos e Valores Mobiliários,Títulos e Valores Mobiliários
356,RNGO11,RIO NEGRO,"R$ 44,53","R$ 46,44","44,53","53,79","-16,47","-16,47",Lajes Corporativas,Lajes Corporativas
357,ROOF11,FUNDO DE INVESTIMENTO IMOBILIÁRIO ROOFTOP I,"R$ 500,00","R$ 510,00","480,01","850,00","-40,00","-40,00",Outros,Outros
358,RPRI11,RBR PREMIUM RECEBÍVEIS IMOBILIÁRIOS FDO INV IMO,"R$ 96,25","R$ 98,78","90,15","101,76","-0,87","-0,87",Títulos e Valores Mobiliários,Títulos e Valores Mobiliários
359,RRCI11,RB CAPITAL RECEBÍVEIS IMOBILIÁRIOS,"R$ 81,33","R$ 83,12","76,85","88,00","-4,12","-4,12",Títulos e Valores Mobiliários,Títulos e Valores Mobiliários
360,RSPD11,RB CAPITAL DESENV RESID III FDO INV IMOB - FII,"R$ 1.125,00","R$ 1.125,00",-,-,-,-,Residencial,Residencial
361,RVBI11,VBI REITS FOF - FDO. INV. IMOB,"R$ 83,07","R$ 84,99","68,54","88,20","4,19","4,19",Títulos e Valores Mobiliários,Títulos e Valores Mobiliários
362,RZAK11,RIZA AKIN,"R$ 92,07","R$ 93,00","85,22","104,48","-8,82","-8,82",Títulos e Valores Mobiliários,Títulos e Valores Mobiliários
363,RZAT11,RIZA ARCTIUM REAL ESTATE FDO INV IMOB,"R$ 89,69","R$ 91,40","82,89","104,10","-13,19","-13,19",Híbrido,Híbrido
364,RZDM11,RIZA DOMUS MULTIESTRATÉGIA FDO INV IMOB,"R$ 547,53","R$ 550,98","547,53","550,98","-0,15","-0,15",Híbrido,Híbrido
365,RZTR11,FUNDO DE INVESTIMENTO IMOBILIÁRIO RIZA TERRAX,"R$ 96,50","R$ 98,93","80,26","105,85","-5,49","-5,49",Híbrido,Híbrido
366,SACL11,SÃO CARLOS RENDA IMOBILIÁRIA FDO. INV. IMOB.,R$ -,R$ -,-,-,-,-,,
367,SADI11,SANTANDER PAPEIS IMOB CDI FDO INV IMOB,"R$ 86,30","R$ 87,96","80,00","92,42","-3,60","-3,60",Títulos e Valores Mobiliários,Títulos e Valores Mobiliários
368,SAIC11B,SIA CORPORATE,"R$ 37,00","R$ 37,00","37,00","37,88","-2,32","-2,32",Lajes Corporativas,Lajes Corporativas
369,SALI11,VENUS - FUNDO DE INVESTIMENTO IMOBILIÁRIO,R$ -,R$ -,-,-,-,-,Outros,Outros
370,SARE11,SANTANDER RENDA DE ALUGUÉIS FDO. INVEST. IMOB.,"R$ 53,49","R$ 55,00","53,49","78,70","-30,96","-30,96",Híbrido,Híbrido
371,SBCL11,FRAM CAPITAL SBCLOG,R$ -,R$ -,-,-,-,-,Logística,Logística
372,SCPF11,SCP,"R$ 4,94","R$ 5,00","4,43","6,25","-15,59","-15,59",Shoppings,Shoppings
373,SEED11,HEDGE SEED FUNDO DE INVESTIMENTO IMOBILIÁRIO,"R$ 98,99","R$ 98,99","94,00","100,00","-1,01","-1,01",Híbrido,Híbrido
374,SEQR11,SEQUOIA III RENDA IMOBILIÁRIA,"R$ 63,99","R$ 65,85","58,88","67,99","-3,54","-3,54",Outros,Outros
375,SFND11,SÃO FERNANDO,"R$ 81,65","R$ 85,50",-,-,-,-,Lajes Corporativas,Lajes Corporativas
376,SFRO11,CSÃO FRANCISCO 34,R$ -,R$ -,-,-,-,-,Híbrido,Híbrido
377,SHDP11B,SHOPPING PARQUE DOM PEDRO,R$ -,R$ -,-,-,-,-,Shoppings,Shoppings
378,SHOP11,MULTI SHOPPINGS,"R$ 68,00","R$ 68,00","68,00","93,24","-27,07","-27,07",Híbrido,Híbrido
379,SHPH11,SHOPPING PATIO HIGIENOPOLIS,"R$ 780,00","R$ 800,00","618,50","840,00","-2,86","-2,86",Shoppings,Shoppings
380,SHSO11,SH SPECIAL OPPS FUNDO DE INVESTIMENTO IMOBILIÁRIO,R$ -,R$ -,-,-,-,-,Títulos e Valores Mobiliários,Títulos e Valores Mobiliários
381,SIGR11,SIG CAPITAL RECEBÍVEIS PULVERIZADOS,"R$ 100,00","R$ 100,00","100,00","100,04","0,00","0,00",Títulos e Valores Mobiliários,Títulos e Valores Mobiliários
382,SJAU11,SJ AU LOGÍSTICA,"R$ 80,01","R$ 94,99","79,04","115,00","-16,00","-16,00",Logística,Logística
383,SNCI11,SUNO RECEBÍVEIS IMOBILIÁRIOS FDO DE INV IMOB,"R$ 98,84","R$ 100,20","91,30","101,70","-1,47","-1,47",Títulos e Valores Mobiliários,Títulos e Valores Mobiliários
384,SNEL11,FUNDO DE INVEST IMOBILIARIO SUNO ENERGIAS LIMPAS,R$ -,R$ -,-,-,-,-,Híbrido,Híbrido
385,SNFF11,SUNO FUNDO DE FUNDOS,"R$ 90,66","R$ 93,89","81,75","93,89","4,01","4,01",Títulos e Valores Mobiliários,Títulos e Valores Mobiliários
386,SNLG11,SUNO LOG FUNDO DE INVESTIMENTO IMOBILIÁRIO,"R$ 31,11","R$ 32,30","31,11","44,90","-26,95","-26,95",Híbrido,Híbrido
387,SOLR11,SOLARIUM FII,"R$ 989,53","R$ 1.128,06",-,-,-,-,Híbrido,Híbrido
388,SPAF11,SPA FUNDO DE INVESTIMENTO IMOBILIÁRIO – FII,R$ -,R$ -,-,-,-,-,Shoppings,Shoppings
389,SPDE11,WHG FINVEST SP REALTY FDO DE INV IMOB,R$ -,R$ -,-,-,-,-,Residencial,Residencial
390,SPMO11,SUPREMO FUNDO DE INVESTIMENTO IMOBILIÁRIO,"R$ 119,90","R$ 119,90","95,00","119,90","26,21","26,21",Híbrido,Híbrido
391,SPTW11,SP DOWNTOWN,"R$ 40,90","R$ 41,49","38,24","44,69","-4,51","-4,51",Lajes Corporativas,Lajes Corporativas
392,SPVJ11,FUND. INVEST. IMOB. SUCCESPAR VAREJO,R$ -,R$ -,-,-,-,-,Híbrido,Híbrido
393,SPXS11,SPX SYN MULT,"R$ 99,45","R$ 102,50","77,00","102,50","1,06","1,06",Híbrido,Híbrido
394,SRVD11,SERRA VERDE FUNDO DE INVESTIMENTO IMOBILIÁRIO,"R$ 3,00","R$ 5,85","3,00","8,90","-58,45","-58,45",Títulos e Valores Mobiliários,Títulos e Valores Mobiliários
395,STRX11,STARX FDO INV IMOB,"R$ 8,52","R$ 8,52",-,-,-,-,Híbrido,Híbrido
396,TBOF11,TB OFFICE,"R$ 15,56","R$ 15,56",-,-,-,-,Lajes Corporativas,Lajes Corporativas
397,TCIN11,TOURMALET V - ED. CIDADE NOVA,"R$ 136,45","R$ 136,45","118,43","136,47","15,22","15,22",Lajes Corporativas,Lajes Corporativas
398,TCPF11,TREECORP REAL ESTATE FDO INV IMOB - I,"R$ 1,26","R$ 9,42",-,-,-,-,Híbrido,Híbrido
399,TELD11,TELLUS DESENVOLVIMENTO LOGÍSTICO,R$ -,R$ -,-,-,-,-,Híbrido,Híbrido
400,TELF11,TELLUS FUNDO DE FUNDOS - FII FDO DE INV IMOB,R$ -,R$ -,-,-,-,-,,
401,TELM11,TELLUS MULTIESTRATÉGIA – FDO INV IMOB,R$ -,R$ -,-,-,-,-,,
402,TEPP11,TELLUS PROPERTIES - FDO INV. IMOB,"R$ 87,85","R$ 91,14","64,98","91,14","7,11","7,11",Lajes Corporativas,Lajes Corporativas
403,TFOF11,HEDGE TOP FOFII,"R$ 137,89","R$ 142,90",-,-,-,-,Títulos e Valores Mobiliários,Títulos e Valores Mobiliários
404,TGAR11,TG ATIVO REAL,"R$ 121,50","R$ 123,19","108,60","129,97","-5,69","-5,69",Híbrido,Híbrido
405,THRA11,CYRELA THERA CORPORATE,"R$ 137,00","R$ 138,52",-,-,-,-,Lajes Corporativas,Lajes Corporativas
406,TJKB11,TJK RENDA IMOBILIÁRIA FDO INV IMOB,"R$ 262,16","R$ 268,00","255,00","271,35","2,81","2,81",Lajes Corporativas,Lajes Corporativas
407,TMPS11,ITAÚ TEMPUS FUNDO DE INVESTIMENTO IMOBILIÁRIO,"R$ 102,41","R$ 105,00","95,00","111,15","4,65","4,65",Títulos e Valores Mobiliários,Títulos e Valores Mobiliários
408,TORD11,TORDESILHAS EI FDO. INV. IMOB.,"R$ 2,12","R$ 2,48","2,12","8,30","-73,83","-73,83",Híbrido,Híbrido
409,TORM13,FDO INV IMOB TOURMALET I,"R$ 100,00","R$ 560,01",-,-,-,-,Residencial,Residencial
410,TOUR11,FDO INV IMOB TOURMALET II,"R$ 1,90","R$ 65,00",-,-,-,-,Residencial,Residencial
411,TRBL11,FDO DE INVEST IMOB TELLUS RIO BRAVO RENDA LOGISTIC,"R$ 99,15","R$ 100,56","87,00","102,46","1,85","1,85",Logística,Logística
412,TRNT11,TORRE NORTE,"R$ 123,00","R$ 123,99","97,00","149,00","10,82","10,82",Lajes Corporativas,Lajes Corporativas
413,TRXB11,TRX REAL ESTATE II FDO. INVEST. IMOB.,"R$ 119,00","R$ 130,00","116,00","140,00","10,17","10,17",Híbrido,Híbrido
414,TRXF11,TRX REAL ESTATE,"R$ 112,49","R$ 113,50","101,58","115,12","1,47","1,47",Híbrido,Híbrido
415,TSER11,TISHMAN SPEYER RENDA CORPORATIVA,"R$ 102,00","R$ 102,00","86,01","119,69","-2,86","-2,86",Lajes Corporativas,Lajes Corporativas
416,TSNC11,TRANSINC,R$ -,R$ -,-,-,-,-,Híbrido,Híbrido
417,TSNM11,TS NEW MARGINAL,R$ -,R$ -,-,-,-,-,,
418,URPR11,URCA PRIME RENDA,"R$ 94,13","R$ 96,27","87,50","103,10","-8,67","-8,67",Outros,Outros
419,VCJR11,VECTIS JUROS REAL FDO INV. IMOB. - FII,"R$ 90,49","R$ 91,78","85,26","94,94","0,55","0,55",Títulos e Valores Mobiliários,Títulos e Valores Mobiliários
420,VCRI11,VINCI CREDIT SECURITIES FUNDO DE INVESTIMENTO IMOB,"R$ 8,35","R$ 8,45","7,69","9,17","-6,70","-6,70",Títulos e Valores Mobiliários,Títulos e Valores Mobiliários
421,VCRR11,VECTIS RENDA RESIDENCIAL,"R$ 75,17","R$ 78,35","68,15","84,50","-6,13","-6,13",Logística,Logística
422,VDSV11,VIC DESENVOLVIMENTO VINTAGE,R$ -,R$ -,-,-,-,-,Híbrido,Híbrido
423,VERE11,VEREDA,"R$ 233,49","R$ 233,49",-,-,-,-,Outros,Outros
424,VGHF11,VALORA HEDGE FUND,"R$ 9,50","R$ 9,58","8,65","9,90","-3,45","-3,45",Híbrido,Híbrido
425,VGIP11,VALORA CRI ÍNDICE DE PREÇO,"R$ 91,00","R$ 94,28","79,20","94,28","0,36","0,36",Títulos e Valores Mobiliários,Títulos e Valores Mobiliários
426,VGIR11,VALORA RE III,"R$ 9,61","R$ 9,86","9,12","10,08","-2,63","-2,63",Títulos e Valores Mobiliários,Títulos e Valores Mobiliários
427,VIDS11,VIC DESENVOLVIMENTO VINTAGE 20/21,R$ -,R$ -,-,-,-,-,Híbrido,Híbrido
428,VIFI11,VINCI INSTRUMENTOS FINANCEIROS,"R$ 8,41","R$ 8,53","6,46","8,63","12,38","12,38",Títulos e Valores Mobiliários,Títulos e Valores Mobiliários
429,VILG11,VINCI LOGÍSTICA FDO INV IMOB,"R$ 102,70","R$ 107,52","83,20","111,32","0,21","0,21",Logística,Logística
430,VINO11,VINCI OFFICES FDO INV IMOB,"R$ 8,98","R$ 9,20","7,76","10,29","-9,66","-9,66",Lajes Corporativas,Lajes Corporativas
431,VISC11,VINCI SHOPPING CENTERS,"R$ 117,80","R$ 123,66","100,35","123,66","12,52","12,52",Shoppings,Shoppings
432,VIUR11,VINCI IMÓVEIS URBANOS,"R$ 8,23","R$ 8,41","6,03","8,62","0,37","0,37",Outros,Outros
433,VJFD11,JFDCAM FUNDO DE INVESTIMENTO IMOBILIÁRIO FII,R$ -,R$ -,-,-,-,-,Híbrido,Híbrido
434,VLIQ11,VINCI VIFI 2 FUNDO DE INVESTIMENTO IMOBILIÁRIO FII,R$ -,R$ -,-,-,-,-,Títulos e Valores Mobiliários,Títulos e Valores Mobiliários
435,VLJS11,VECTOR QUELUZ LAJES CORPORATIVAS,"R$ 1.141,14","R$ 1.142,05",-,-,-,-,Lajes Corporativas,Lajes Corporativas
436,VLOL11,VILA OLÍMPIA CORPORATE,"R$ 92,00","R$ 98,00","90,01","108,81","-7,59","-7,59",Lajes Corporativas,Lajes Corporativas
437,VOTS11,VOTORANTIM SECURITIES MASTER,"R$ 81,99","R$ 84,25","77,00","89,50","-7,56","-7,56",Títulos e Valores Mobiliários,Títulos e Valores Mobiliários
438,VPSI11,POLO SHOPPING INDAIATUBA,R$ -,R$ -,-,-,-,-,Shoppings,Shoppings
439,VRTA11,FATOR VERITA,"R$ 89,56","R$ 91,39","81,32","96,53","-5,72","-5,72",Títulos e Valores Mobiliários,Títulos e Valores Mobiliários
440,VSEC11,FDO INV IMOB VOTORANTIM SECURITIES,"R$ 0,21","R$ 0,21","0,21","50,01","-99,58","-99,58",Títulos e Valores Mobiliários,Títulos e Valores Mobiliários
441,VSHO11,FDO INV IMOB VOTORANTIM SHOPPING,"R$ 76,64","R$ 78,09","61,45","84,90","-3,01","-3,01",Shoppings,Shoppings
442,VSLH11,VERSALHES RECEBÍVEIS IMOBILIÁRIOS,"R$ 2,99","R$ 3,62","2,99","9,27","-66,74","-66,74",Outros,Outros
443,VTLT11,VOTORANTIM LOGÍSTICA,"R$ 94,94","R$ 97,25","86,08","102,91","0,00","0,00",Logística,Logística
444,VTPA11,FDO. INVEST. IMOB. VOTORANTIM PATRIMONIAL V,R$ -,R$ -,-,-,-,-,Outros,Outros
445,VTPL11,FDO INV. IMOB. PLUS,R$ -,R$ -,-,-,-,-,Híbrido,Híbrido
446,VTRT11,VOTORANTIM SECURITIES III,R$ -,R$ -,-,-,-,-,Títulos e Valores Mobiliários,Títulos e Valores Mobiliários
447,VTVI11,PARKING PARTNERS FDO. INVEST. IMOB.,R$ -,R$ -,-,-,-,-,Outros,Outros
448,VTXI11,FDO. INVEST. IMOB. VOTORANTIM PATRIMONIAL XII,R$ -,R$ -,-,-,-,-,Híbrido,Híbrido
449,VVCO11,V2 EDIFICIOS CORPORATIVOS FDO INV IMOB,"R$ 12,78","R$ 13,02","7,07","13,68","80,76","80,76",Lajes Corporativas,Lajes Corporativas
450,VVCR11,BB RENDA DE PAPEIS IMOBILIÁRIOS II,"R$ 22,80","R$ 23,17","20,10","52,39","-55,67","-55,67",Títulos e Valores Mobiliários,Títulos e Valores Mobiliários
451,VVPR11,FDO INV IMOB - V2 PROPERTIES,"R$ 99,43","R$ 101,94","99,45","101,94","2,06","2,06",Híbrido,Híbrido
452,VVRI11,V2 RENDA IMOBILIÁRIA FDO DE INV IMOB,"R$ 97,66","R$ 100,00","96,03","102,00","0,00","0,00",Híbrido,Híbrido
453,VXXV11,VX XVI - FDO INV. IMOB.,"R$ 1.030,00","R$ 1.030,00","917,00","1.030,00","12,32","12,32",Outros,Outros
454,WHGR11,WHG REAL ESTATE FUNDO DE INVESTIMENTO IMOBILIÁRIO,"R$ 9,61","R$ 9,72","8,19","9,79","0,42","0,42",Híbrido,Híbrido
455,WPLZ11,SHOPPING WEST PLAZA,"R$ 65,09","R$ 66,35","59,00","84,80","-20,61","-20,61",Shoppings,Shoppings
456,WSEC11,WARREN SECURITIES FDO DE INV IMOB,"R$ 85,90","R$ 86,57","85,27","104,00","-17,40","-17,40",Títulos e Valores Mobiliários,Títulos e Valores Mobiliários
457,WTSP11B,OURINVEST RE I,"R$ 36,50","R$ 36,50","26,00","44,60","-6,29","-6,29",Híbrido,Híbrido
458,XBXO11,R CAP 1810 FUNDO DE FUNDOS,R$ -,R$ -,-,-,-,-,Outros,Outros
459,XPCI11,XP CREDITO IMOBILIÁRIO - FDO INV IMOB,"R$ 85,20","R$ 87,79","76,42","92,00","-3,98","-3,98",Títulos e Valores Mobiliários,Títulos e Valores Mobiliários
460,XPCM11,XP CORPORATE MACAÉ,"R$ 11,90","R$ 12,15","11,90","21,71","-44,73","-44,73",Lajes Corporativas,Lajes Corporativas
461,XPHT11,XP HOTÉIS - FDO INV IMOB,"R$ 123,00","R$ 123,00","99,11","125,99","9,72","9,72",Hotel,Hotel
462,XPHT12,XP HOTÉIS - FDO INV IMOB,"R$ 40,01","R$ 45,00","22,22","45,00","18,58","18,58",Hotel,Hotel
463,XPIN11,XP INDUSTRIAL,"R$ 82,78","R$ 83,83","67,71","85,49","-1,48","-1,48",Outros,Outros
464,XPLG11,XP LOG,"R$ 112,52","R$ 113,30","90,01","114,94","5,71","5,71",Logística,Logística
465,XPML11,XP MALLS,"R$ 111,59","R$ 114,66","93,96","114,66","6,09","6,09",Shoppings,Shoppings
466,XPPR11,XP PROPERTIES FDO. INV. IMOB.,"R$ 22,32","R$ 22,79","22,03","46,55","-52,01","-52,01",Outros,Outros
467,XPSF11,XP SELECTION FDO DE FUNDOS INV IMOB - FII,"R$ 8,42","R$ 8,68","6,67","8,75","12,76","12,76",Títulos e Valores Mobiliários,Títulos e Valores Mobiliários
468,YUFI11,YUCA FDO INV. IMOB.,"R$ 88,90","R$ 89,99","63,01","109,96","-19,15","-19,15",Residencial,Residencial
469,ZAVI11,ZAVIT REAL ESTATE FUND,"R$ 123,97","R$ 129,95","116,00","136,00","-0,50","-0,50",Híbrido,Híbrido
470,ZIFI11,ZION CAPITAL FUNDO DE INVESTIMENTO IMOBILIÁRIO,"R$ 897,00","R$ 900,00","860,00","1.289,00","-30,18","-30,18",Híbrido,Híbrido
